CK Power PCL | Cash Flow                                12-Sep-2024 14:40,,,,,,,,,,,,,,,,,,,,,,,,,,,,,,,,,,,,,,,,,,,,,,,,,,
,,,,,,,,,,,,,,,,,,,,,,,,,,,,,,,,,,,,,,,,,,,,,,,,,,
Cash Flow,,,,,,,,,,,,,,,,,,,,,,,,,,,,,,,,,,,,,,,,,,,,,,,,,,
Quarterly-YTD Standardised in Thousands of Thai Baht,,,,,,,,,,,,,,,,,,,,,,,,,,,,,,,,,,,,,,,,,,,,,,,,,,
,2012,,,,2013,,,,2014,,,,2015,,,,2016,,,,2017,,,,2018,,,,2019,,,,2020,,,,2021,,,,2022,,,,2023,,,,2024,
, Mar-2012, Jun-2012, Sep-2012, Dec-2012, Mar-2013, Jun-2013, Sep-2013, Dec-2013, Mar-2014, Jun-2014, Sep-2014, Dec-2014, Mar-2015, Jun-2015, Sep-2015, Dec-2015, Mar-2016, Jun-2016, Sep-2016, Dec-2016, Mar-2017, Jun-2017, Sep-2017, Dec-2017, Mar-2018, Jun-2018, Sep-2018, Dec-2018, Mar-2019, Jun-2019, Sep-2019, Dec-2019, Mar-2020, Jun-2020, Sep-2020, Dec-2020, Mar-2021, Jun-2021, Sep-2021, Dec-2021, Mar-2022, Jun-2022, Sep-2022, Dec-2022, Mar-2023, Jun-2023, Sep-2023, Dec-2023, Mar-2024, Jun-2024
Earnings Quality Score,N/A ,N/A ,N/A ,N/A ,N/A ,N/A ,N/A ,N/A ,N/A ,48 ,56 ,63 ,61 ,52 ,49 ,41 ,43 ,47 ,63 ,37 ,34 ,38 ,23 ,35 ,33 ,26 ,34 ,41 ,48 ,59 ,42 ,30 ,27 ,14 ,20 ,19 ,18 ,22 ,26 ,32 ,37 ,34 ,36 ,31 ,25 ,32 ,25 ,35 ,44 ,41 
Period End Date,31-Mar-2012 ,30-Jun-2012 ,30-Sep-2012 ,31-Dec-2012 ,31-Mar-2013 ,30-Jun-2013 ,30-Sep-2013 ,31-Dec-2013 ,31-Mar-2014 ,30-Jun-2014 ,30-Sep-2014 ,31-Dec-2014 ,31-Mar-2015 ,30-Jun-2015 ,30-Sep-2015 ,31-Dec-2015 ,31-Mar-2016 ,30-Jun-2016 ,30-Sep-2016 ,31-Dec-2016 ,31-Mar-2017 ,30-Jun-2017 ,30-Sep-2017 ,31-Dec-2017 ,31-Mar-2018 ,30-Jun-2018 ,30-Sep-2018 ,31-Dec-2018 ,31-Mar-2019 ,30-Jun-2019 ,30-Sep-2019 ,31-Dec-2019 ,31-Mar-2020 ,30-Jun-2020 ,30-Sep-2020 ,31-Dec-2020 ,31-Mar-2021 ,30-Jun-2021 ,30-Sep-2021 ,31-Dec-2021 ,31-Mar-2022 ,30-Jun-2022 ,30-Sep-2022 ,31-Dec-2022 ,31-Mar-2023 ,30-Jun-2023 ,30-Sep-2023 ,31-Dec-2023 ,31-Mar-2024 ,30-Jun-2024 
Cash Flow-Operating Activities (THB Thousands),,,,,,,,,,,,,,,,,,,,,,,,,,,,,,,,,,,,,,,,,,,,,,,,,,
Net Income/Starting Line,"32,928 ","(211,408)","24,543 ","114,016 ","252,528 ","105,087 ","555,272 ","604,496 ","223,853 ","251,112 ","434,483 ","882,393 ","136,670 ","390,495 ","441,552 ","786,411 ","82,113 ","225,513 ","564,491 ","207,740 ","(83,163)","(105,986)","266,349 ","323,842 ","(8,270)","132,834 ","1,111,080 ","1,408,916 ","300,764 ","516,407 ","533,793 ","1,095,101 ","(414,123)","(583,328)","373,063 ","181,794 ","242,886 ","1,138,725 ","2,618,307 ","2,812,435 ","71,498 ","1,049,994 ","2,793,723 ","2,893,327 ","(64,004)","(42,163)","1,172,139 ","2,017,187 ","(361,452)","(31,458)"
Depreciation/Depletion,6 ,"182,668 ","466,962 ","750,309 ","277,197 ","557,586 ","899,055 ","1,241,203 ","323,471 ","658,145 ","997,172 ","1,336,889 ","331,716 ","667,040 ","1,006,160 ","1,344,430 ","331,262 ","664,595 ","1,001,660 ","1,338,941 ","329,933 ","664,807 ","1,050,765 ","1,438,034 ","382,412 ","769,483 ","1,161,101 ","1,553,597 ","424,301 ","785,075 ","1,152,863 ","1,517,821 ","387,218 ","774,858 ","1,167,185 ","1,560,759 ","386,327 ","777,248 ","1,174,224 ","1,570,747 ","388,117 ","780,184 ","1,176,539 ","1,572,151 ","386,609 ","777,256 ","1,172,411 ","1,567,340 ","390,719 ","780,989 "
Depreciation,6 ,"182,668 ","466,962 ","750,309 ","277,197 ","557,586 ","899,055 ","1,241,203 ","323,471 ","658,145 ","997,172 ","1,336,889 ","331,716 ","667,040 ","1,006,160 ","1,344,430 ","331,262 ","664,595 ","1,001,660 ","1,338,941 ","329,933 ","664,807 ","1,050,765 ","1,438,034 ","382,412 ","769,483 ","1,161,101 ","1,553,597 ","424,301 ","785,075 ","1,152,863 ","1,517,821 ","387,218 ","774,858 ","1,167,185 ","1,560,759 ","386,327 ","777,248 ","1,174,224 ","1,570,747 ","388,117 ","780,184 ","1,176,539 ","1,572,151 ","386,609 ","777,256 ","1,172,411 ","1,567,340 ","390,719 ","780,989 "
Non-Cash Items,"(33,371)","428,510 ","715,818 ","1,126,293 ","242,751 ","942,547 ","1,435,852 ","1,856,325 ","462,723 ","897,578 ","1,319,559 ","1,728,985 ","418,285 ","805,372 ","1,205,165 ","1,616,554 ","432,314 ","840,474 ","1,355,772 ","2,157,947 ","511,177 ","973,426 ","1,454,739 ","1,889,081 ","411,792 ","785,205 ","1,233,141 ","1,641,259 ","236,431 ","551,560 ","828,685 ","623,202 ","594,404 ","956,261 ","524,517 ","664,127 ","310,114 ","56,393 ","(683,674)","(445,182)","273,158 ","(234,516)","(1,224,402)","(1,037,188)","425,313 ","756,603 ","184,568 ","168,042 ","804,587 ","1,213,636 "
Unusual Items,--,--,(10),(10),--,--,0 ,"(1,000)","(1,750)","(2,639)","(2,607)","(2,654)",24 ,24 ,(206),826 ,0 ,11 ,11 ,"377,694 ",3 ,110 ,88 ,89 ,(118),(118),103 ,"9,544 ",57 ,"2,085 ","2,080 ","3,847 ","(2,516)","(2,428)","(2,345)","(2,804)",(547),(552),(605),"4,712 ",(100),"(1,148)","(2,907)","(6,126)","(3,802)","(8,930)","(14,700)","(4,494)","(7,626)","(3,865)"
Equity in Net Earnings (Loss),"(85,855)","(104,799)","(107,292)","(108,495)",(698),"(5,391)","(8,950)","(15,735)","(10,188)","(18,089)","(25,657)","(34,671)","(9,255)","(16,794)","(12,439)","(8,569)","2,661 ","7,532 ","11,209 ","24,977 ",442 ,"(2,944)","(4,379)","(5,182)","(1,264)","(2,637)","1,473 ","(6,670)",(85),423 ,"7,809 ","(433,104)","329,497 ","417,117 ","(261,946)","(407,394)","32,237 ","(499,482)","(1,516,587)","(1,527,741)","2,975 ","(769,039)","(2,021,495)","(2,128,621)","161,728 ","260,883 ","(555,294)","(858,832)","569,404 ","678,609 "
Other Non-Cash Items,"52,484 ","533,309 ","823,120 ","1,234,797 ","243,449 ","947,938 ","1,444,802 ","1,873,059 ","474,661 ","918,306 ","1,347,823 ","1,766,310 ","427,516 ","822,142 ","1,217,810 ","1,624,297 ","429,653 ","832,931 ","1,344,552 ","1,755,277 ","510,732 ","976,260 ","1,459,030 ","1,894,174 ","413,174 ","787,960 ","1,231,565 ","1,638,384 ","236,459 ","549,052 ","818,796 ","1,052,459 ","267,423 ","541,572 ","788,808 ","1,074,325 ","278,424 ","556,427 ","833,518 ","1,077,846 ","270,283 ","535,671 ","800,000 ","1,097,559 ","267,387 ","504,650 ","754,562 ","1,031,368 ","242,809 ","538,892 "
Changes in Working Capital,"(49,877)","139,872 ","(125,122)","33,667 ","100,087 ","132,515 ","(584,885)","278,755 ","(644,386)","(438,194)","(687,756)","(684,646)","95,609 ","263,986 ","349,000 ","310,794 ","191,608 ","(91,121)","(582,080)","36,269 ","(271,384)","140,801 ","(725,619)","(272,361)","(338,183)","(96,979)","(1,079,257)","(320,647)","(36,531)","146,105 ","(163,154)","(111,545)","73,365 ","(120,331)","(516,625)","(161,413)","(387,906)","(518,685)","(658,522)","(270,823)","(20,114)","(172,780)","(391,785)","(108,292)","(335,883)","434,251 ","296,585 ","425,415 ","24,463 ","(98,760)"
Accounts Receivable,--,"195,660 ","(52,114)","3,097 ","201,963 ","180,935 ","(645,481)","(51,920)","(298,617)","(122,277)","(350,292)","(484,176)","281,839 ","365,704 ","478,408 ","261,310 ","364,571 ","197,315 ","900,771 ","500,821 ","(82,606)","(219,064)","(937,075)","(441,813)","(36,215)","(115,348)","(944,263)","(153,099)","(242,887)","4,374 ","(82,083)","22,564 ","95,181 ","31,160 ","(141,487)","237,630 ","(452,802)","(638,875)","(844,203)","(488,124)","(201,734)","(255,685)","(905,721)","(333,209)","(82,048)","381,725 ","71,240 ","(136,228)",(988),"(55,747)"
Inventories,--,--,--,--,--,--,--,--,--,--,--,"(24,550)","(1,221)","(1,420)","(4,900)","(2,281)",(643),"(1,472)","(2,939)","(2,000)",(994),104 ,"(7,879)","(13,209)","(9,916)","(14,635)","(16,038)","(14,482)",602 ,(630),122 ,(358),523 ,181 ,"1,201 ",616 ,"(1,510)","(2,834)","(4,549)","(6,913)",(585),(172),(253),"1,441 ",(354),"(1,358)","(2,297)","(5,487)","1,516 ","3,785 "
Other Assets,--,"11,010 ","25,559 ","83,662 ","(60,514)","(48,262)","(41,346)","(29,950)","(61,351)","(21,932)","(24,544)","100,480 ","(89,410)","(79,938)","(55,821)","(35,733)","(55,696)","(154,382)","(148,519)","(94,822)","(31,733)","(50,518)","(42,978)","(33,401)","(13,303)","55,820 ","99,475 ","160,722 ","236,264 ","192,884 ","95,523 ","173,738 ","(37,616)","(144,269)","(278,532)","(145,241)","(21,451)","(80,570)","(105,239)","(62,077)","8,615 ","(43,901)","(84,580)","(42,666)","13,085 ","347,491 ","337,707 ","389,860 ","26,815 ","(25,561)"
Accounts Payable,--,794 ,"(15,051)","(3,213)",295 ,813 ,854 ,904 ,"1,305 ","(2,211)","(2,183)","(2,183)",0 ,"(2,273)","(2,266)","(2,266)",--,0 ,711 ,711 ,31 ,31 ,(14),(102),42 ,345 ,475 ,774 ,57 ,2 ,170 ,170 ,(665),(665),(665),(331),292 ,--,--,213 ,0 ,--,--,0 ,"(354,708)","(354,708)","(354,708)","(354,708)",0 ,0 
Payable/Accrued,--,"11,336 ","(7,596)","35,043 ","(11,034)","78,164 ","155,437 ","411,932 ","(257,154)","(246,660)","(260,428)","(223,322)","(78,591)","9,329 ","(22,810)","151,914 ","(101,688)","(134,178)","(1,270,178)","(243,015)","(101,610)","502,679 ","379,380 ","391,643 ","(235,600)","70,515 ","(183,434)","(162,712)","(3,601)","102,918 ","(27,757)","(58,968)","32,242 ","9,711 ","30,838 ","(27,297)","94,896 ","226,852 ","338,044 ","321,338 ","169,226 ","139,708 ","608,279 ","262,543 ","145,741 ","91,356 ","352,500 ","621,079 ","39,680 ","58,051 "
Other Liabilities,404 ,(954),"13,764 ","17,050 ","(1,956)","(1,896)","45,044 ","61,504 ","(13,944)","(15,951)","(7,559)","5,263 ","(3,687)","(1,222)","(4,976)","(11,558)","(3,162)","24,423 ","18,451 ","7,447 ","(4,914)","3,408 ","24,830 ","23,435 ","3,277 ","5,888 ","72,576 ","91,823 ","(13,762)","(24,101)","(10,484)","(3,957)","(13,088)","(15,633)","(17,719)","(8,495)","(6,141)","(18,814)","(10,850)","5,978 ","11,183 ","9,420 ","28,754 ","35,783 ","(19,214)","24,651 ","(29,789)","(14,158)","(23,013)","(39,700)"
Other Operating Cash Flow,"(50,281)","(77,974)","(89,684)","(101,972)","(28,667)","(77,239)","(99,393)","(113,714)","(14,625)","(29,163)","(42,750)","(56,159)","(13,321)","(26,194)","(38,635)","(50,591)","(11,774)","(22,827)","(80,377)","(132,873)","(49,558)","(95,839)","(141,883)","(198,914)","(46,468)","(99,564)","(108,048)","(243,674)","(13,204)","(129,342)","(138,645)","(244,734)","(3,212)",(816),"(110,261)","(218,295)","(1,190)","(4,444)","(31,725)","(41,237)","(6,819)","(22,150)","(38,264)","(32,184)","(38,385)","(54,906)","(78,068)","(74,943)","(19,547)","(39,588)"
Cash from Operating Activities,"(50,314)","539,642 ","1,082,201 ","2,024,285 ","872,563 ","1,737,735 ","2,305,294 ","3,980,779 ","365,661 ","1,368,641 ","2,063,458 ","3,263,622 ","982,280 ","2,126,893 ","3,001,877 ","4,058,190 ","1,037,297 ","1,639,461 ","2,339,843 ","3,740,897 ","486,563 ","1,673,048 ","2,046,234 ","3,378,595 ","447,751 ","1,590,543 ","2,426,065 ","4,283,125 ","924,965 ","1,999,147 ","2,352,187 ","3,124,578 ","640,864 ","1,027,460 ","1,548,140 ","2,245,266 ","551,421 ","1,453,681 ","2,450,335 ","3,667,177 ","712,659 ","1,422,882 ","2,354,075 ","3,319,997 ","412,035 ","1,925,947 ","2,825,703 ","4,177,985 ","858,317 ","1,864,407 "
,,,,,,,,,,,,,,,,,,,,,,,,,,,,,,,,,,,,,,,,,,,,,,,,,,
Cash Flow-Investing Activities (THB Thousands),,,,,,,,,,,,,,,,,,,,,,,,,,,,,,,,,,,,,,,,,,,,,,,,,,
Capital Expenditures,--,"(5,211)","(17,874)","(271,328)","(3,321)","(104,470)","(590,886)","(1,206,599)","(14,193)","(38,489)","(63,655)","(89,867)","(24,328)","(44,111)","(62,433)","(81,999)","(13,610)","(29,422)","(58,328)","(103,011)","(49,413)","(140,685)","(233,604)","(302,963)","(83,253)","(149,984)","(236,934)","(309,576)","(36,340)","(116,272)","(148,060)","(79,727)","(16,697)","(24,734)","(44,913)","(58,227)","(10,532)","(18,895)","(28,050)","(48,700)","(4,358)","(19,016)","(33,974)","(45,815)","(4,581)","(9,915)","(27,103)","(134,156)","(26,173)","(92,980)"
Purchase of Fixed Assets,--,"(5,211)","(17,874)","(271,328)","(3,321)","(104,470)","(590,886)","(1,206,599)","(14,193)","(38,489)","(63,655)","(89,867)","(24,328)","(44,111)","(62,433)","(81,999)","(13,610)","(29,422)","(58,328)","(102,363)","(49,241)","(124,576)","(196,470)","(246,546)","(73,410)","(137,973)","(211,434)","(264,671)","(35,815)","(115,696)","(147,435)","(78,757)","(14,868)","(22,565)","(42,390)","(55,704)","(9,964)","(18,071)","(26,843)","(46,947)","(3,152)","(17,626)","(32,018)","(43,682)","(4,009)","(9,343)","(26,531)","(133,106)","(26,173)","(92,980)"
Purchase/Acquisition of Intangibles,--,--,--,--,--,--,--,--,--,--,--,--,--,--,--,--,--,--,--,(648),(172),"(16,109)","(37,134)","(56,418)","(9,843)","(12,011)","(25,500)","(44,905)",(525),(576),(625),(970),"(1,829)","(2,169)","(2,523)","(2,523)",(568),(824),"(1,207)","(1,753)","(1,206)","(1,390)","(1,956)","(2,134)",(572),(572),(572),"(1,051)",0 ,0 
"Other Investing Cash Flow Items, Total","50,282 ","(6,062,830)","(6,542,777)","(7,707,963)","(355,358)","(456,841)","(352,493)","(718,558)","308,459 ","100,036 ","320,602 ","(139,859)","(13,331)","(5,074,319)","(6,387,380)","(6,902,381)","15,240 ","(5,678,253)","(5,863,983)","(7,045,824)","(839,046)","(1,863,598)","(1,401,398)","(2,461,121)","25,595 ","(2,663,345)","(2,940,240)","(3,321,919)","891,767 ","816,333 ","(461,265)","(1,863,313)","45,657 ","861,743 ","1,000,744 ","1,045,018 ","(2,670,037)","(3,983,099)","(3,965,706)","(4,031,821)",(205),"(1,831,495)","(1,067,031)","(1,425,237)","(939,761)","(762,015)","(833,562)","(191,259)","(652,065)","5,124 "
Acquisition of Business,--,"(2,367,023)","(2,367,023)","(2,367,023)",--,"(412,237)","(412,237)","(412,237)",--,0 ,0 ,0 ,--,--,--,--,--,--,--,--,--,--,--,--,--,--,--,--,--,--,--,--,--,--,--,--,--,--,--,--,--,--,--,--,--,--,--,--,--,--
Sale of Fixed Assets,--,--,17 ,"245,352 ",--,--,0 ,"1,000 ","3,481 ","4,625 ","4,625 ","4,700 ",33 ,46 ,679 ,"10,556 ",0 ,"1,273 ","1,273 ","1,273 ",0 ,3 ,4 ,36 ,"1,173 ","1,173 ","1,593 ","1,917 ",926 ,"1,833 ","1,839 ","6,141 ","2,742 ","2,808 ","3,040 ","3,502 ",555 ,555 ,605 ,605 ,75 ,420 ,433 ,443 ,36 ,692 ,794 ,922 ,0 ,2 
Sale/Maturity of Investment,--,0 ,"(50,000)","(20,336)","20,336 ","20,336 ","(9,664)","(43,864)","(20,699)","(45,165)","(79,165)","(168,843)","70,580 ","17,125 ","(1,146,395)","(941,500)","122,611 ","(3,464,338)","(3,131,263)",--,"367,519 ","839,953 ","1,750,305 ","1,945,639 ","288,508 ","508,126 ","338,111 ","622,919 ","336,409 ","547,181 ","933,753 ","933,752 ","86,820 ","696,790 ","696,776 ","696,777 ",--,--,--,0 ,0 ,--,--,--,--,0 ,--,--,0 ,"1,000,000 "
"Investment, Net","50,282 ","(300,230)","(576,635)","(751,549)",--,"(59,942)","159,212 ","(161,979)","330,922 ","(18,011)","303,715 ","(55,757)","365,740 ",(556),"355,366 ","(12,828)","377,769 ","7,162 ","461,880 ","313,925 ","145,589 ",(882),"122,482 ","(141,063)","173,030 ","(181,536)","105,945 ","(157,373)","(104,359)","507,166 ","507,166 ","507,166 ",--,--,0 ,0 ,--,--,--,--,--,--,--,--,--,--,--,--,--,--
Purchase of Investments,--,"(3,251,801)","(3,472,026)","(4,391,274)","(374,916)",0 ,0 ,0 ,0 ,--,--,--,--,"(4,423,800)","(4,634,700)","(4,862,700)","(293,550)","(627,000)","(971,850)","(1,299,049)","(773,542)","(1,082,322)","(1,372,002)","(1,668,049)","(292,864)","(2,626,057)","(2,956,324)","(3,274,654)","(282,518)","(1,162,939)","(1,162,939)","(1,162,938)",0 ,--,--,"(12,825)","(2,670,560)","(3,997,108)","(3,997,112)","(4,501,112)",0 ,"(1,854,000)","(1,854,005)","(2,562,164)","(1,000,000)",0 ,"(71,769)","(71,184)","(651,091)","(1,267,914)"
Other Investing Cash Flow,--,"(143,776)","(77,110)","(423,133)",(778),"(4,998)","(89,804)","(101,478)","(5,245)","158,587 ","91,427 ","80,040 ","(449,684)","(667,134)","(962,330)","(1,095,909)","(191,590)","(1,595,350)","(2,224,023)","(6,061,973)","(578,612)","(1,620,350)","(1,902,187)","(2,597,684)","(144,252)","(365,051)","(429,565)","(514,728)","941,309 ","923,092 ","(741,084)","(2,147,433)","(43,905)","162,145 ","300,928 ","357,564 ",(32),"13,454 ","30,801 ","468,686 ",(280),"22,085 ","786,541 ","1,136,484 ","60,203 ","(762,707)","(762,587)","(120,998)",(974),"273,036 "
Cash from Investing Activities,"50,282 ","(6,068,041)","(6,560,651)","(7,979,291)","(358,679)","(561,311)","(943,379)","(1,925,157)","294,266 ","61,547 ","256,947 ","(229,726)","(37,659)","(5,118,430)","(6,449,813)","(6,984,380)","1,630 ","(5,707,675)","(5,922,311)","(7,148,835)","(888,459)","(2,004,283)","(1,635,002)","(2,764,084)","(57,658)","(2,813,329)","(3,177,174)","(3,631,495)","855,427 ","700,061 ","(609,325)","(1,943,041)","28,960 ","837,009 ","955,831 ","986,791 ","(2,680,569)","(4,001,994)","(3,993,756)","(4,080,521)","(4,563)","(1,850,511)","(1,101,005)","(1,471,052)","(944,342)","(771,930)","(860,665)","(325,416)","(678,238)","(87,856)"
,,,,,,,,,,,,,,,,,,,,,,,,,,,,,,,,,,,,,,,,,,,,,,,,,,
Cash Flow-Financing Activities (THB Thousands),,,,,,,,,,,,,,,,,,,,,,,,,,,,,,,,,,,,,,,,,,,,,,,,,,
Financing Cash Flow Items,0 ,"8,885,397 ","(523,983)","(825,790)","(6,525,591)","(6,701,987)","(7,040,954)","(7,344,470)","(313,865)","(602,807)","(886,122)","(1,177,986)","(189,424)","(444,564)","(702,677)","(947,330)","(249,710)","(482,931)","(1,097,361)","(1,324,127)","(226,315)","(448,888)","(353,590)","(526,265)","(164,744)","(394,154)","(582,717)","(814,804)","(146,009)","(375,896)","(605,638)","(772,741)","(211,897)","(473,629)","(563,572)","(712,628)","(205,269)","(497,809)","(700,644)","(995,996)","(184,085)","(507,825)","(684,241)","(1,015,256)","(179,652)","(522,059)","(679,260)","(1,046,094)","(168,828)","(506,203)"
Other Financing Cash Flow,0 ,"8,885,397 ","(523,983)","(825,790)","(6,525,591)","(6,701,987)","(7,040,954)","(7,344,470)","(313,865)","(602,807)","(886,122)","(1,177,986)","(189,424)","(444,564)","(702,677)","(947,330)","(249,710)","(482,931)","(1,097,361)","(1,324,127)","(226,315)","(448,888)","(353,590)","(526,265)","(164,744)","(394,154)","(582,717)","(814,804)","(146,009)","(375,896)","(605,638)","(772,741)","(211,897)","(473,629)","(563,572)","(712,628)","(205,269)","(497,809)","(700,644)","(995,996)","(184,085)","(507,825)","(684,241)","(1,015,256)","(179,652)","(522,059)","(679,260)","(1,046,094)","(168,828)","(506,203)"
Total Cash Dividends Paid,--,--,--,--,--,--,--,"(152,660)",--,--,--,"(168,604)",--,"(138,768)","(138,768)","(359,911)",--,"(192,754)","(221,156)","(1,656,318)",0 ,"(782,404)","(810,806)","(1,051,732)","(18,935)","(374,412)","(469,087)","(744,281)","(94,675)","(713,825)","(803,766)","(886,130)","(99,409)","(592,144)","(735,598)","(773,917)","(104,143)","(494,816)","(598,958)","(824,029)","(104,143)","(860,641)","(860,641)","(966,789)",0 ,"(797,137)","(797,137)","(903,286)","(47,338)","(857,256)"
Cash Dividends Paid - Common,--,--,--,--,--,--,--,"(152,660)",--,--,--,"(168,604)",--,"(138,768)","(138,768)","(359,911)",--,"(192,754)","(221,156)","(1,656,318)",0 ,"(782,404)","(810,806)","(1,051,732)","(18,935)","(374,412)","(469,087)","(744,281)","(94,675)","(713,825)","(803,766)","(886,130)","(99,409)","(592,144)","(735,598)","(773,917)","(104,143)","(494,816)","(598,958)","(824,029)","(104,143)","(860,641)","(860,641)","(966,789)",0 ,"(797,137)","(797,137)","(903,286)","(47,338)","(857,256)"
"Issuance (Retirement) of Stock, Net",--,0 ,"9,100,000 ","9,100,000 ","6,133,300 ","6,133,300 ","8,400,209 ","8,400,209 ",0 ,0 ,0 ,0 ,--,"5,595,423 ","5,595,423 ","5,595,423 ",--,0 ,0 ,--,--,--,--,--,--,--,--,--,--,"3,565,395 ","4,556,293 ","4,556,292 ",--,4 ,4 ,4 ,--,--,--,0 ,--,--,--,--,--,--,--,--,--,--
Sale/Issuance of Common,--,0 ,"9,100,000 ","9,100,000 ","6,133,300 ","6,133,300 ","8,400,209 ","8,400,209 ",0 ,0 ,0 ,0 ,--,"5,595,423 ","5,595,423 ","5,595,423 ",--,0 ,0 ,--,--,--,--,--,--,--,--,--,--,--,--,--,--,--,--,--,--,--,--,--,--,--,--,--,--,--,--,--,--,--
"Common Stock, Net",--,0 ,"9,100,000 ","9,100,000 ","6,133,300 ","6,133,300 ","8,400,209 ","8,400,209 ",0 ,0 ,0 ,0 ,--,"5,595,423 ","5,595,423 ","5,595,423 ",--,0 ,0 ,--,--,--,--,--,--,--,--,--,--,--,--,--,--,--,--,--,--,--,--,--,--,--,--,--,--,--,--,--,--,--
Warrants Converted,--,--,--,--,--,--,--,--,--,--,--,--,--,--,--,--,--,--,--,--,--,--,--,--,--,--,--,--,--,"3,565,395 ","4,556,293 ","4,556,292 ",--,4 ,4 ,4 ,--,--,--,0 ,--,--,--,--,--,--,--,--,--,--
"Issuance (Retirement) of Debt, Net",--,"(2,570,000)","(2,662,916)","(1,753,505)","(396,516)","(227,324)","(2,028,532)","(1,753,304)","(608,677)","(709,125)","(1,560,256)","(1,638,303)","(532,188)","(374,109)","(1,143,606)","(1,053,873)","(570,173)","4,843,129 ","6,236,626 ","6,526,964 ","386,376 ","659,976 ","882,371 ","892,579 ","(259,953)","2,177,071 ","1,536,854 ","1,304,183 ","(1,420,340)","(927,230)","(2,247,048)","(2,451,580)","(29,717)","(279,306)","192,988 ","2,939,918 ","(530,632)","1,002,748 ","473,741 ","416,256 ","(530,302)","(787,762)","(795,890)","(1,034,439)","(814,457)","(1,073,153)","(1,476,305)","(2,230,255)","(14,354)","2,607,372 "
Short Term Debt Issued,--,--,--,--,--,--,--,--,--,--,--,--,--,--,--,--,--,--,--,--,--,--,--,--,--,--,--,--,--,--,--,--,--,0 ,--,--,--,"1,800,000 ","1,800,000 ",--,--,0 ,0 ,0 ,--,--,--,"1,000,000 ",--,"1,500,000 "
Short Term Debt Reduction,--,"(2,700,000)","(2,700,000)","(2,700,000)",--,"(25,000)","(1,914,365)","(1,913,115)",--,"(905,000)","(1,150,000)","(1,170,000)","(71,334)","(71,334)","(71,334)","(71,334)",--,0 ,0 ,--,--,--,--,--,--,--,--,--,--,--,--,--,--,--,--,--,--,--,--,--,--,--,--,--,--,--,--,--,--,"(1,000,000)"
"Short Term Debt, Net",--,"(2,570,000)","(2,360,000)","(1,440,752)","374,916 ","558,866 ","(1,270,499)","(1,269,248)","140,000 ","80,000 ","31,334 ","11,334 ","(71,334)","(71,334)","(71,334)","(71,334)",--,0 ,0 ,--,--,--,--,--,--,--,--,--,--,--,--,--,--,0 ,--,--,--,"1,800,000 ","1,800,000 ",--,--,0 ,0 ,0 ,--,--,--,"1,000,000 ",--,"500,000 "
Long Term Debt Issued,--,--,--,--,--,--,--,--,--,--,--,--,--,--,--,--,--,"4,000,000 ","4,000,000 ","4,000,000 ",0 ,0 ,0 ,"6,000,000 ","3,000,000 ","9,500,000 ","9,500,000 ","9,500,000 ","6,000,000 ","6,700,000 ","6,000,000 ","6,000,000 ","600,000 ","600,000 ","1,600,000 ","5,600,000 ",--,"4,000,000 ","4,000,000 ","6,000,000 ",--,0 ,0 ,"1,000,000 ",--,--,--,0 ,--,"3,906,328 "
Long Term Debt Reduction,--,--,--,--,--,--,--,--,--,--,--,--,--,--,--,--,--,"(9,125)","(9,194)","(9,194)",0 ,(180),(180),"(55,033)","(2,096)","(4,031,173)","(4,031,173)","(4,031,173)","(38,860)","(39,460)","(639,460)","(639,460)","(606,948)","(614,369)","(1,122,047)","(2,137,588)","(507,933)","(4,520,465)","(5,028,530)","(5,038,955)","(508,517)","(516,647)","(524,775)","(1,534,304)","(814,457)","(824,633)","(1,227,785)","(2,733,215)","(14,354)","(1,522,926)"
"Long Term Debt, Net",--,0 ,"(302,916)","(312,754)","(771,432)","(786,190)","(758,033)","(484,056)","(748,677)","(789,125)","(1,591,590)","(1,649,637)","(460,854)","(302,775)","(1,072,272)","(982,539)","(570,173)","4,843,129 ","6,236,626 ","6,526,964 ","386,376 ","659,976 ","882,371 ","892,579 ","(259,953)","2,177,071 ","1,536,854 ","1,304,183 ","(1,420,340)","(927,230)","(2,247,048)","(2,451,580)","(29,717)","(279,306)","192,988 ","2,939,918 ","(530,632)","(797,252)","(1,326,259)","416,256 ","(530,302)","(787,762)","(795,890)","(1,034,439)","(814,457)","(1,073,153)","(1,476,305)","(3,230,255)","(14,354)","2,107,372 "
Cash from Financing Activities,0 ,"6,315,397 ","5,913,101 ","6,520,705 ","(788,807)","(796,011)","(669,277)","(850,225)","(922,542)","(1,311,932)","(2,446,378)","(2,984,893)","(721,612)","4,637,982 ","3,610,372 ","3,234,310 ","(819,883)","4,167,444 ","4,918,109 ","3,546,518 ","160,061 ","(571,316)","(282,025)","(685,418)","(443,632)","1,408,505 ","485,050 ","(254,902)","(1,661,024)","1,548,444 ","899,841 ","445,841 ","(341,023)","(1,345,075)","(1,106,178)","1,453,376 ","(840,044)","10,123 ","(825,861)","(1,403,769)","(818,530)","(2,156,228)","(2,340,772)","(3,016,484)","(994,109)","(2,392,349)","(2,952,702)","(4,179,635)","(230,520)","1,243,913 "
,,,,,,,,,,,,,,,,,,,,,,,,,,,,,,,,,,,,,,,,,,,,,,,,,,
Foreign Exchange Effects,--,"9,583 ","(2,575)","(2,373)",(524),"12,074 ","1,929 ","13,243 ","(10,719)","(11,581)","(10,911)","(10,343)","(1,609)","2,907 ","2,708 ","2,333 ","(14,100)","(15,582)","(19,695)",420 ,"(21,792)","(10,530)","(12,738)","(11,197)","(2,847)","13,361 ","(4,526)","(7,631)","9,844 ","(15,493)",346 ,228 ,"4,669 ","(4,160)","2,555 ",(547),"5,047 ","5,075 ","6,877 ",310 ,"2,504 ","4,070 ","10,496 ",(625),"(3,867)","6,566 ","3,804 ","(6,613)","4,643 ",185 
Net Change in Cash,(32),"796,581 ","432,076 ","563,325 ","(275,447)","392,487 ","694,567 ","1,218,640 ","(273,334)","106,675 ","(136,884)","38,659 ","221,400 ","1,649,352 ","165,144 ","310,452 ","204,944 ","83,648 ","1,315,946 ","139,000 ","(263,627)","(913,081)","116,469 ","(82,105)","(56,386)","199,080 ","(270,585)","389,097 ","129,212 ","4,232,159 ","2,643,049 ","1,627,606 ","333,470 ","515,234 ","1,400,348 ","4,684,886 ","(2,964,145)","(2,533,115)","(2,362,405)","(1,816,804)","(107,930)","(2,579,787)","(1,077,206)","(1,168,164)","(1,530,283)","(1,231,766)","(983,860)","(333,679)","(45,798)","3,020,649 "
,,,,,,,,,,,,,,,,,,,,,,,,,,,,,,,,,,,,,,,,,,,,,,,,,,
Net Cash - Beginning Balance,"9,530 ","9,530 ","9,530 ","9,508 ","868,098 ","572,834 ","572,834 ","572,833 ","1,791,473 ","1,791,473 ","1,791,473 ","1,791,473 ","1,830,133 ","1,830,133 ","1,830,133 ","1,830,133 ","2,140,585 ","2,140,585 ","2,140,585 ","2,140,585 ","2,279,585 ","2,279,585 ","2,279,585 ","2,279,585 ","2,197,481 ","2,197,481 ","2,197,481 ","2,197,481 ","2,586,578 ","2,586,578 ","2,586,578 ","2,586,578 ","4,214,184 ","4,214,184 ","4,214,184 ","4,214,184 ","8,899,071 ","8,899,071 ","8,899,071 ","8,899,071 ","7,082,267 ","7,082,267 ","7,082,267 ","7,082,267 ","5,930,666 ","5,930,666 ","5,930,666 ","5,914,102 ","5,580,423 ","5,580,423 "
Net Cash - Ending Balance,"9,498 ","806,111 ","441,606 ","572,833 ","592,651 ","965,321 ","1,267,401 ","1,791,473 ","1,518,139 ","1,898,148 ","1,654,589 ","1,830,133 ","2,051,533 ","3,479,485 ","1,995,277 ","2,140,585 ","2,345,529 ","2,224,233 ","3,456,531 ","2,279,585 ","2,015,958 ","1,366,504 ","2,396,054 ","2,197,481 ","2,141,095 ","2,396,561 ","1,926,896 ","2,586,578 ","2,715,790 ","6,818,737 ","5,229,627 ","4,214,184 ","4,547,654 ","4,729,418 ","5,614,532 ","8,899,071 ","5,934,926 ","6,365,956 ","6,536,666 ","7,082,267 ","6,974,337 ","4,502,480 ","6,005,061 ","5,914,102 ","4,400,383 ","4,698,900 ","4,946,806 ","5,580,423 ","5,534,625 ","8,601,072 "
Cash Interest Paid,"50,281 ","291,815 ","611,442 ","925,530 ","420,942 ","644,667 ","1,004,512 ","1,321,048 ","328,473 ","622,946 ","919,787 ","1,204,635 ","285,444 ","556,446 ","826,784 ","1,083,350 ","261,437 ","505,441 ","788,869 ","1,064,091 ","269,816 ","536,818 ","833,173 ","1,049,888 ","208,286 ","490,493 ","682,857 ","1,020,166 ","148,817 ","485,363 ","719,498 ","992,229 ","214,728 ","473,629 ","672,815 ","927,716 ","205,269 ","497,809 ","700,644 ","995,996 ","184,085 ","507,825 ","684,241 ","1,015,256 ","179,652 ","522,059 ","679,260 ","1,046,094 ","168,828 ","506,203 "
Cash Taxes Paid,--,940 ,"2,403 ","2,410 ",16 ,"1,259 ","2,535 ","2,586 ",17 ,927 ,988 ,"1,060 ",71 ,382 ,598 ,642 ,47 ,317 ,"7,049 ","9,331 ","4,934 ","5,951 ","6,964 ","19,613 ","2,728 ","3,019 ","7,702 ","38,104 ","10,396 ","19,875 ","24,785 ","25,245 ",381 ,816 ,"1,018 ","3,207 ","1,190 ","4,444 ","31,725 ","41,237 ","6,819 ","22,150 ","38,264 ","32,184 ","38,385 ","54,906 ","78,068 ","74,943 ","19,547 ","39,588 "
"Lease liability Reduced, Supplemental",--,--,--,--,--,--,--,--,--,--,--,--,--,--,--,--,--,--,--,--,--,--,--,--,--,--,--,--,--,--,--,--,"(6,948)","(14,369)","(22,047)","(29,614)","(7,933)","(15,787)","(23,852)","(32,043)","(8,517)","(16,647)","(24,775)","(32,471)","(14,457)","(24,633)","(27,785)","(33,215)","(14,354)","(18,705)"
Net Changes in Working Capital,404 ,"217,846 ","(35,438)","135,639 ","128,754 ","209,754 ","(485,492)","392,469 ","(629,761)","(409,031)","(645,006)","(628,487)","108,930 ","290,180 ","387,635 ","361,385 ","203,382 ","(68,294)","(501,703)","169,143 ","(221,826)","236,640 ","(583,736)","(73,447)","(291,715)","2,585 ","(971,209)","(76,973)","(23,327)","275,447 ","(24,509)","133,188 ","76,577 ","(119,515)","(406,364)","56,883 ","(386,716)","(514,241)","(626,797)","(229,586)","(13,295)","(150,630)","(353,521)","(76,108)","(297,498)","489,157 ","374,653 ","500,358 ","44,010 ","(59,172)"
,,,,,,,,,,,,,,,,,,,,,,,,,,,,,,,,,,,,,,,,,,,,,,,,,,
Free Cash Flow,"(50,314)","534,431 ","1,064,327 ","1,752,956 ","869,242 ","1,633,265 ","1,714,408 ","2,774,180 ","351,468 ","1,330,152 ","1,999,803 ","3,173,755 ","957,952 ","2,082,782 ","2,939,444 ","3,976,191 ","1,023,687 ","1,610,039 ","2,281,515 ","3,637,886 ","437,150 ","1,532,363 ","1,812,630 ","3,075,632 ","364,498 ","1,440,559 ","2,189,131 ","3,973,549 ","888,625 ","1,882,875 ","2,204,127 ","3,044,851 ","624,167 ","1,002,726 ","1,503,227 ","2,187,039 ","540,889 ","1,434,786 ","2,422,285 ","3,618,476 ","708,301 ","1,403,866 ","2,320,101 ","3,274,182 ","407,454 ","1,916,032 ","2,798,600 ","4,043,829 ","832,144 ","1,771,427 "
,,,,,,,,,,,,,,,,,,,,,,,,,,,,,,,,,,,,,,,,,,,,,,,,,,
