Energy Absolute PCL | Cash Flow                                12-Sep-2024 13:33,,,,,,,,,,,,,,,,,,,,,,,,,,,,,,,,,,,,,,,,,,,,,,,,,,,,,,,,,,,,,
,,,,,,,,,,,,,,,,,,,,,,,,,,,,,,,,,,,,,,,,,,,,,,,,,,,,,,,,,,,,,
Cash Flow,,,,,,,,,,,,,,,,,,,,,,,,,,,,,,,,,,,,,,,,,,,,,,,,,,,,,,,,,,,,,
Quarterly-YTD Standardised in Thousands of Thai Baht,,,,,,,,,,,,,,,,,,,,,,,,,,,,,,,,,,,,,,,,,,,,,,,,,,,,,,,,,,,,,
,2007,,2008,,,2009,,2010,2011,,,2012,,,,2013,,,,2014,,,,2015,,,,2016,,,,2017,,,,2018,,,,2019,,,,2020,,,,2021,,,,2022,,,,2023,,,,2024,
, Jun-2007, Dec-2007, Mar-2008, Jun-2008, Dec-2008, Mar-2009, Dec-2009, Dec-2010, Jun-2011, Sep-2011, Dec-2011, Mar-2012, Jun-2012, Sep-2012, Dec-2012, Mar-2013, Jun-2013, Sep-2013, Dec-2013, Mar-2014, Jun-2014, Sep-2014, Dec-2014, Mar-2015, Jun-2015, Sep-2015, Dec-2015, Mar-2016, Jun-2016, Sep-2016, Dec-2016, Mar-2017, Jun-2017, Sep-2017, Dec-2017, Mar-2018, Jun-2018, Sep-2018, Dec-2018, Mar-2019, Jun-2019, Sep-2019, Dec-2019, Mar-2020, Jun-2020, Sep-2020, Dec-2020, Mar-2021, Jun-2021, Sep-2021, Dec-2021, Mar-2022, Jun-2022, Sep-2022, Dec-2022, Mar-2023, Jun-2023, Sep-2023, Dec-2023, Mar-2024, Jun-2024
Earnings Quality Score,N/A ,N/A ,N/A ,N/A ,N/A ,N/A ,N/A ,N/A ,N/A ,N/A ,N/A ,N/A ,N/A ,N/A ,N/A ,N/A ,N/A ,N/A ,N/A ,N/A ,1 ,3 ,3 ,4 ,4 ,3 ,6 ,7 ,7 ,8 ,12 ,14 ,39 ,59 ,71 ,51 ,42 ,73 ,73 ,11 ,12 ,8 ,9 ,43 ,38 ,34 ,25 ,23 ,28 ,34 ,34 ,33 ,36 ,18 ,19 ,15 ,14 ,17 ,16 ,19 ,31 
Period End Date,30-Jun-2007 ,31-Dec-2007 ,31-Mar-2008 ,30-Jun-2008 ,31-Dec-2008 ,31-Mar-2009 ,31-Dec-2009 ,31-Dec-2010 ,30-Jun-2011 ,30-Sep-2011 ,31-Dec-2011 ,31-Mar-2012 ,30-Jun-2012 ,30-Sep-2012 ,31-Dec-2012 ,31-Mar-2013 ,30-Jun-2013 ,30-Sep-2013 ,31-Dec-2013 ,31-Mar-2014 ,30-Jun-2014 ,30-Sep-2014 ,31-Dec-2014 ,31-Mar-2015 ,30-Jun-2015 ,30-Sep-2015 ,31-Dec-2015 ,31-Mar-2016 ,30-Jun-2016 ,30-Sep-2016 ,31-Dec-2016 ,31-Mar-2017 ,30-Jun-2017 ,30-Sep-2017 ,31-Dec-2017 ,31-Mar-2018 ,30-Jun-2018 ,30-Sep-2018 ,31-Dec-2018 ,31-Mar-2019 ,30-Jun-2019 ,30-Sep-2019 ,31-Dec-2019 ,31-Mar-2020 ,30-Jun-2020 ,30-Sep-2020 ,31-Dec-2020 ,31-Mar-2021 ,30-Jun-2021 ,30-Sep-2021 ,31-Dec-2021 ,31-Mar-2022 ,30-Jun-2022 ,30-Sep-2022 ,31-Dec-2022 ,31-Mar-2023 ,30-Jun-2023 ,30-Sep-2023 ,31-Dec-2023 ,31-Mar-2024 ,30-Jun-2024 
Cash Flow-Operating Activities (THB Thousands),,,,,,,,,,,,,,,,,,,,,,,,,,,,,,,,,,,,,,,,,,,,,,,,,,,,,,,,,,,,,
Net Income/Starting Line,"(8,339)","6,086 ","24,654 ","24,771 ","17,585 ","69,878 ","54,132 ","28,332 ","73,593 ","28,332 ","61,124 ","35,654 ","63,625 ","69,615 ","107,150 ","83,729 ","144,439 ","172,419 ","267,723 ","460,199 ","869,004 ","1,242,008 ","1,609,474 ","581,306 ","1,323,419 ","2,065,402 ","2,716,237 ","718,884 ","1,717,711 ","2,437,406 ","3,246,985 ","979,086 ","1,944,479 ","2,919,601 ","3,775,166 ","1,913,512 ","2,877,263 ","4,147,918 ","5,090,729 ","1,190,101 ","2,623,293 ","4,264,919 ","6,015,866 ","1,417,394 ","2,544,191 ","3,634,134 ","5,029,158 ","1,398,350 ","2,551,372 ","4,181,904 ","5,932,698 ","1,289,391 ","2,279,543 ","5,209,686 ","7,551,788 ","2,490,002 ","4,852,275 ","6,875,631 ","7,735,660 ","732,673 ","1,069,018 "
Depreciation/Depletion,"6,605 ","14,598 ","4,254 ","8,837 ","18,761 ","5,872 ","31,140 ","48,709 ","27,580 ","48,709 ","50,904 ","13,254 ","26,521 ","40,236 ","61,349 ","25,110 ","55,950 ","87,193 ","125,096 ","97,644 ","197,130 ","299,477 ","403,611 ","145,718 ","338,276 ","536,264 ","735,287 ","178,376 ","453,502 ","804,697 ","1,115,588 ","316,773 ","674,294 ","1,111,799 ","1,527,806 ","441,269 ","901,128 ","1,367,106 ","1,833,043 ","506,928 ","1,133,282 ","1,816,164 ","2,517,452 ","580,066 ","1,333,506 ","2,015,848 ","2,730,380 ","690,722 ","1,412,747 ","2,108,037 ","2,767,972 ","768,712 ","1,747,741 ","2,885,748 ","3,647,707 ","853,641 ","1,785,477 ","2,714,785 ","3,678,266 ","957,156 ","1,894,341 "
Depreciation,"6,605 ","14,598 ","4,254 ","8,837 ","18,761 ","5,872 ","31,140 ","48,709 ","27,580 ","48,709 ","50,904 ","13,254 ","26,521 ","40,236 ","61,349 ","25,110 ","55,950 ","87,193 ","125,096 ","97,644 ","197,130 ","299,477 ","403,611 ","145,718 ","338,276 ","536,264 ","735,287 ","178,376 ","453,502 ","804,697 ","1,115,588 ","316,773 ","674,294 ","1,111,799 ","1,527,806 ","441,269 ","901,128 ","1,367,106 ","1,833,043 ","506,928 ","1,133,282 ","1,816,164 ","2,517,452 ","580,066 ","1,333,506 ","2,015,848 ","2,730,380 ","690,722 ","1,412,747 ","2,108,037 ","2,767,972 ","768,712 ","1,747,741 ","2,885,748 ","3,647,707 ","853,641 ","1,785,477 ","2,714,785 ","3,678,266 ","957,156 ","1,894,341 "
Amortization,"(2,412)","(1,648)",(572),577 ,153 ,354 ,"2,112 ",--,--,--,--,0 ,0 ,0 ,476 ,572 ,"1,144 ","1,718 ","2,485 ","2,537 ","5,107 ","7,707 ","10,311 ",--,--,--,--,--,--,--,--,--,--,--,--,--,--,--,--,--,--,--,--,--,--,--,--,--,--,--,--,--,--,--,--,--,--,--,--,--,--
Amortization of Intangibles,"(2,412)","(1,648)",(572),577 ,153 ,354 ,"2,112 ",--,--,--,--,0 ,0 ,0 ,476 ,572 ,"1,144 ","1,718 ","2,485 ","2,537 ","5,107 ","7,707 ","10,311 ",--,--,--,--,--,--,--,--,--,--,--,--,--,--,--,--,--,--,--,--,--,--,--,--,--,--,--,--,--,--,--,--,--,--,--,--,--,--
Non-Cash Items,"(1,090)","1,537 ",652 ,"3,247 ","15,416 ","(10,247)","(28,704)","84,919 ","6,040 ","128,721 ","13,536 ","5,566 ","11,209 ","18,907 ","21,581 ","22,211 ","41,031 ","55,241 ","106,792 ","61,853 ","143,425 ","234,062 ","349,906 ","118,487 ","298,362 ","335,854 ","681,676 ","163,868 ","419,843 ","746,814 ","1,010,755 ","229,385 ","562,373 ","873,933 ","1,267,110 ","(609,441)","(247,135)","46,346 ","107,698 ","227,204 ","460,155 ","944,014 ","1,398,267 ","420,992 ","822,159 ","1,251,710 ","1,706,365 ","412,698 ","751,530 ","1,204,977 ","1,241,840 ","268,346 ","522,354 ","(1,148,111)","(921,284)","462,515 ","735,120 ","567,115 ","970,365 ","401,043 ","1,179,609 "
Unusual Items,--,--,--,--,--,--,"2,425 ",--,"(1,687)",--,14 ,(160),(160),(162),(140),"1,919 ","1,918 ","2,407 ","3,737 ",97 ,81 ,556 ,"1,606 ","4,259 ","6,544 ","5,929 ","5,914 ",0 ,0 ,0 ,"4,633 ",(120),(31),(770),96 ,"(894,303)","(823,404)","(819,278)","(846,707)","1,565 ","(1,794)","(8,984)","(7,775)","(26,565)","(24,033)","(25,635)","5,138 ","(3,867)","(9,634)",312 ,"(186,976)","(51,980)","(105,023)","(1,988,346)","(2,077,460)","51,094 ","50,602 ","(470,824)","(367,976)","30,022 ","74,936 "
Equity in Net Earnings (Loss),--,--,--,--,--,--,--,--,--,--,--,--,--,--,--,--,--,--,--,--,--,--,--,--,--,--,--,0 ,--,--,0 ,"10,815 ","7,211 ","15,800 ","62,272 ","8,537 ","7,703 ","8,045 ","6,307 ","11,014 ","6,434 ","12,610 ","14,259 ","13,872 ","15,611 ","18,852 ","61,050 ","25,275 ","33,256 ","26,918 ","(13,546)","(1,659)","(9,045)","(78,434)","(217,643)","(36,515)","(156,745)","(142,402)","(260,298)","(63,052)","10,211 "
Other Non-Cash Items,"(1,090)","1,537 ",652 ,"3,247 ","15,416 ","(10,247)","(31,129)","84,919 ","7,727 ","128,721 ","13,521 ","5,727 ","11,369 ","19,069 ","21,721 ","20,292 ","39,113 ","52,834 ","103,055 ","61,756 ","143,344 ","233,506 ","348,301 ","114,228 ","291,818 ","329,925 ","675,761 ","163,868 ","419,843 ","746,814 ","1,006,122 ","218,690 ","555,193 ","858,903 ","1,204,742 ","276,325 ","568,566 ","857,579 ","948,099 ","214,625 ","455,515 ","940,388 ","1,391,783 ","433,685 ","830,581 ","1,258,493 ","1,640,177 ","391,290 ","727,908 ","1,177,747 ","1,442,362 ","321,985 ","636,422 ","918,669 ","1,373,819 ","447,936 ","841,263 ","1,180,341 ","1,598,639 ","434,073 ","1,094,462 "
Changes in Working Capital,"54,323 ","(6,253)","(34,520)","(120,529)","(100,609)","(122,795)","(194,323)","(224,554)","25,830 ","(268,355)","62,866 ","208,868 ","(105,826)","(92,147)","(47,612)","(85,781)","(96,119)","(51,778)","(330,583)","(36,742)","(105,301)","(183,415)","(266,247)","(217,271)","(564,986)","(876,477)","(677,390)","(47,603)","(513,744)","(391,489)","(421,876)","(232,775)","(226,238)","(278,543)","(348,699)","(82,345)","(210,169)","(1,845)","161,244 ","(185,234)","(730,186)","(1,136,238)","(1,228,344)","427,895 ","60,405 ","323,135 ","(228,269)","45,410 ","(335,171)","(766,089)","(2,144,386)","238,810 ","(1,668,390)","(4,408,895)","(8,387,266)","(5,622,116)","(9,786,829)","(11,883,925)","(12,840,851)","(147,151)","(282,134)"
Accounts Receivable,"9,023 ","(67,705)","(3,370)","30,336 ","8,516 ","(44,373)","(53,333)","(178,655)","42,731 ","(188,760)","96,040 ","11,468 ","32,388 ","40,615 ","64,030 ","(176,788)","(177,296)","(78,553)","(360,089)","(78,590)","(190,831)","(162,439)","(310,561)","(152,221)","(513,331)","(1,005,620)","(629,369)","(109,300)","(593,061)","(299,566)","(455,132)","(209,541)","(196,032)","(295,198)","(482,025)","(42,060)","36,746 ","113,612 ","367,133 ","(213,017)","(794,880)","(888,032)","(888,235)","133,141 ","214,239 ","304,484 ","(346,526)","258,663 ","157,970 ","(115,938)","(1,416,743)","936,869 ","(36,668)","(1,450,894)","(8,799,141)","(3,879,724)","(5,454,126)","(6,419,677)","(7,017,715)","(692,778)","(351,540)"
Inventories,"46,924 ","35,821 ","(28,095)","(58,633)","(5,766)","19,522 ","(33,370)","(58,459)",(476),"(58,459)","(17,104)","68,519 ","26,446 ","17,783 ","17,418 ","19,574 ","(2,377)","(1,012)","(64,583)","55,995 ","38,970 ","32,302 ","68,051 ","(34,256)","(22,328)","43,351 ","(17,734)","42,953 ","31,946 ","5,693 ","(8,128)","34,689 ","9,868 ","(7,441)","43,629 ","(23,829)","(68,162)","(49,486)","(109,572)","(1,796)","(144,466)","(242,725)","(434,564)","12,731 ","(141,814)","5,729 ","(72,158)","(173,817)","(755,453)","(748,177)","(675,086)","(777,550)","(1,688,969)","(3,651,363)","(4,055,002)","(795,108)","(2,319,484)","(1,754,888)","(1,900,086)","579,293 ","(630,776)"
Other Assets,655 ,410 ,"(1,738)","(7,585)","(2,871)","(5,374)","1,450 ","(10,105)","(11,539)","(1,605)","2,388 ","(11,669)","(1,949)","(15,943)","(2,030)","33,158 ","27,386 ","(44,988)","(1,878)","44,612 ","46,290 ","(37,915)","15,472 ","(5,792)","(102,145)",0 ,"(54,826)","10,493 ","52,412 ","(20,691)","13,544 ","1,603 ","5,158 ",854 ,"(35,869)","79,506 ","(28,667)","33,824 ","(35,058)","(30,415)","(143,958)","(176,206)","(380,743)","(45,227)","(24,916)","76,912 ","15,337 ","13,403 ","1,818 ","(37,081)",266 ,"1,141 ","38,385 ","13,276 ","(13,867)","10,477 ","62,454 ","52,033 ","(78,238)","(51,759)","(66,003)"
Accounts Payable,"8,954 ","5,048 ","32,385 ","(52,136)","(75,046)","(75,663)","(76,517)",0 ,"8,781 ","(29,038)","(9,226)","123,047 ","(126,062)","(134,476)","(87,643)","16,102 ","12,943 ","4,403 ","65,022 ","(76,452)","4,057 ","11,208 ","55,417 ","(16,336)","26,301 ","(11,715)","5,860 ","(14,291)","(13,966)","(40,198)","(27,721)","(3,815)","21,552 ","38,056 ","29,814 ","(92,127)","(139,844)","(79,750)","(18,722)","77,180 ","403,411 ","230,734 ","519,152 ","333,191 ","26,763 ","(36,822)","209,290 ","(37,659)","284,102 ","164,058 ","3,122 ","88,273 ","47,897 ","790,080 ","4,578,183 ","(946,716)","(1,984,099)","(3,515,279)","(3,566,864)","45,855 ","911,153 "
Payable/Accrued,--,--,--,--,--,--,--,--,--,--,--,--,--,--,--,--,--,--,--,"32,860 ",--,--,--,"(7,140)","69,588 ","129,159 ","56,420 ","22,606 ","18,277 ","(14,459)","91,356 ","(54,586)","(61,077)","(7,883)","104,613 ",--,--,--,--,--,--,--,--,--,--,--,--,--,--,--,--,--,--,--,--,--,--,--,--,--,--
Other Liabilities,188 ,"32,868 ","(32,919)","(30,438)","(16,133)","(16,018)","(14,761)","40,101 ","(3,607)","25,338 ","20,266 ","21,784 ","(27,387)","21,160 ","23,334 ","22,249 ","48,825 ","90,561 ","52,625 ","(1,483)","19,917 ","3,622 ","(53,364)",--,--,--,--,--,--,--,--,--,--,--,--,--,743 ,825 ,"1,546 ",(207),(266),493 ,"(24,427)",172 ,172 ,(95),"(5,412)","(5,786)","1,089 ","16,895 ","(3,323)",(219),(219),"18,349 ","37,962 ","(1,195)","4,860 ","4,884 ","(4,538)","(14,942)","4,670 "
Other Operating Cash Flow,"(11,421)","(12,695)",(783),"(2,073)","(9,309)",(889),"(17,792)","(17,435)","(10,060)","(15,830)","(29,497)","(4,281)","(9,262)","(21,286)","(62,721)",(76),"(5,600)","(22,189)","(21,680)","(13,684)","(23,704)","(30,193)","(41,262)","(1,526)","(23,071)","(31,652)","(37,740)",(64),"(9,352)","(22,268)","(35,794)","(1,125)","(5,707)","(6,931)","(8,862)","(3,835)","(10,985)","(20,870)","(44,083)","(16,979)","(50,027)","(60,502)","(19,527)","(6,113)","(14,039)","(27,073)","(28,800)","(9,394)","(24,697)","(45,846)","(52,623)","(9,704)","(28,816)","(128,343)","(135,401)","(9,850)","(96,434)","(250,998)","(273,410)","(12,820)","(149,638)"
Cash from Operating Activities,"49,087 ","14,320 ","(5,532)","(83,097)","(48,694)","(56,938)","(135,641)","(62,593)","133,043 ","(62,593)","188,430 ","263,342 ","(4,472)","36,610 ","142,944 ","45,841 ","146,445 ","264,793 ","171,512 ","585,491 ","1,109,365 ","1,599,839 ","2,107,055 ","628,240 ","1,395,071 ","2,061,043 ","3,455,810 ","1,013,525 ","2,077,312 ","3,597,428 ","4,951,452 ","1,292,469 ","2,954,908 ","4,626,790 ","6,221,383 ","1,662,995 ","3,321,087 ","5,559,525 ","7,192,715 ","1,738,999 ","3,486,544 ","5,888,859 ","8,703,240 ","2,846,347 ","4,760,261 ","7,224,827 ","9,237,635 ","2,547,180 ","4,380,478 ","6,728,829 ","7,798,124 ","2,565,259 ","2,881,248 ","2,538,428 ","1,890,945 ","(1,815,958)","(2,413,957)","(1,726,394)","(456,559)","1,943,721 ","3,860,834 "
,,,,,,,,,,,,,,,,,,,,,,,,,,,,,,,,,,,,,,,,,,,,,,,,,,,,,,,,,,,,,
Cash Flow-Investing Activities (THB Thousands),,,,,,,,,,,,,,,,,,,,,,,,,,,,,,,,,,,,,,,,,,,,,,,,,,,,,,,,,,,,,
Capital Expenditures,"(10,781)","(19,730)","(2,708)","(28,639)","(96,952)","(44,220)","(170,534)","(48,387)","(82,025)","(48,387)","(439,509)","(256,743)","(166,009)","(715,035)","(928,778)","(222,979)","(765,015)","(3,208,752)","(6,625,218)","(155,985)","(923,538)","(3,654,465)","(8,612,559)","(846,764)","(1,905,031)","(6,417,657)","(11,477,128)","(1,946,305)","(4,675,325)","(6,935,044)","(7,898,706)","(452,430)","(1,181,133)","(2,535,256)","(3,383,147)","(2,160,815)","(3,245,578)","(4,811,782)","(5,703,437)","(9,109,776)","(10,860,346)","(12,728,629)","(14,661,431)","(1,734,869)","(3,386,055)","(5,071,891)","(7,238,261)","(1,521,716)","(2,614,355)","(3,923,995)","(5,990,567)","(737,424)","(1,233,982)","(2,099,625)","(2,573,804)","(1,086,305)","(3,102,095)","(4,127,524)","(4,728,111)","(689,816)","(1,014,693)"
Purchase of Fixed Assets,"(10,781)","(19,730)","(2,708)","(28,639)","(96,952)","(44,220)","(170,534)","(48,387)","(82,025)","(48,387)","(439,509)","(256,743)","(166,009)","(715,035)","(913,918)","(222,979)","(765,015)","(3,208,752)","(6,430,741)","(154,968)","(922,522)","(3,653,347)","(8,608,700)","(833,264)","(1,890,349)","(6,402,413)","(11,474,608)","(1,945,583)","(4,672,534)","(6,928,933)","(7,894,548)","(452,430)","(1,180,556)","(2,527,492)","(3,378,789)","(2,160,299)","(3,243,196)","(4,808,003)","(5,698,717)","(9,089,537)","(10,748,050)","(12,558,123)","(14,521,994)","(1,712,577)","(3,364,725)","(5,052,909)","(7,160,400)","(1,494,446)","(2,568,913)","(3,876,767)","(5,956,609)","(729,042)","(1,212,754)","(2,064,709)","(2,514,692)","(1,081,820)","(3,092,253)","(4,110,992)","(4,705,072)","(425,486)","(748,618)"
Purchase/Acquisition of Intangibles,--,--,--,--,--,--,--,--,--,--,--,--,--,--,"(14,860)",0 ,0 ,0 ,"(194,477)","(1,017)","(1,016)","(1,118)","(3,858)","(13,500)","(14,682)","(15,244)","(2,520)",(722),"(2,791)","(6,111)","(4,158)",0 ,(577),"(7,764)","(4,358)",(516),"(2,382)","(3,779)","(4,720)","(20,239)","(112,296)","(170,506)","(139,437)","(22,292)","(21,330)","(18,982)","(77,862)","(27,270)","(45,442)","(47,228)","(33,958)","(8,382)","(21,228)","(34,916)","(59,112)","(4,485)","(9,842)","(16,532)","(23,039)","(264,330)","(266,075)"
"Other Investing Cash Flow Items, Total",554 ,485 ,285 ,"(1,624)","(2,149)",0 ,"(50,821)",(251),"(29,187)",(251),"(104,827)","(152,872)","(202,582)","(85,437)","(171,312)","(108,731)","(337,286)","(322,841)","193,999 ","246,471 ","187,884 ","803,682 ","680,100 ","(209,955)","(530,336)","512,984 ","(1,433,938)",(830),"933,959 ","13,823 ","63,761 ","94,278 ","125,965 ","535,837 ","1,260,348 ","283,718 ","(537,439)","285,311 ","136,718 ","(29,179)","(80,155)","(78,096)","(173,005)","(270,833)","(5,390,261)","(6,914,779)","(6,957,279)","(76,124)","(83,567)","(6,500)","49,978 ","(3,178,610)","(3,221,468)","(4,304,219)","(4,296,793)","(3,444,999)","(3,284,272)","(3,260,877)","(3,198,844)","(364,618)","(149,261)"
Acquisition of Business,--,--,--,--,--,--,--,--,--,--,--,--,--,--,--,--,--,--,--,--,--,--,--,--,--,--,--,--,--,--,--,--,--,--,--,--,--,--,--,--,--,--,--,"(310,565)","(310,565)","(348,095)","(403,800)",0 ,0 ,0 ,0 ,--,--,--,--,--,--,--,--,--,--
Sale of Business,--,--,--,--,--,--,--,--,--,--,--,--,--,--,--,--,--,--,--,--,--,--,--,--,--,--,--,--,--,--,--,--,--,--,--,--,--,--,--,--,--,--,--,144 ,144 ,403 ,"2,741 ",0 ,0 ,0 ,0 ,--,--,--,--,--,--,--,--,--,--
Sale of Fixed Assets,505 ,505 ,285 ,285 ,285 ,0 ,"1,500 ",123 ,"21,639 ",123 ,--,318 ,318 ,385 ,641 ,530 ,"104,816 ","99,477 ","99,757 ",0 ,0 ,"498,571 ","498,571 ","7,375 ","9,625 ","121,150 ","122,148 ",0 ,0 ,0 ,0 ,120 ,"1,005 ","7,106 ","3,290 ",0 ,813 ,813 ,"1,776 ",--,321 ,321 ,343 ,"3,561 ","4,288 ","16,411 ","30,515 ",0 ,"6,794 ","6,794 ","8,567 ",--,"10,530 ","21,789 ","44,005 ",--,"163,614 ","176,030 ","171,860 ",--,"101,084 "
Sale/Maturity of Investment,--,--,--,--,--,--,--,--,"20,752 ",--,"34,293 ",--,0 ,0 ,0 ,--,"113,853 ","268,114 ","268,114 ",--,0 ,0 ,0 ,--,--,--,--,--,--,--,--,--,--,--,--,--,"22,018 ","54,635 ",0 ,--,0 ,0 ,0 ,--,0 ,--,"34,202 ",--,0 ,0 ,"6,691 ","26,489 ","26,489 ","5,877,262 ","5,897,921 ",0 ,0 ,--,--,"20,000 ","20,000 "
"Investment, Net",--,--,--,--,--,--,--,--,--,--,"(13,790)","3,301 ","(4,065)",(629),"(3,257)","14,110 ","(59,938)","174,918 ","482,308 ","1,333 ","(312,890)","(155,937)","87,839 ","(15,616)","(41,248)","112,455 ","112,455 ",--,0 ,0 ,--,--,--,--,--,--,--,--,--,--,"(38,791)","(38,791)","(38,791)",0 ,0 ,0 ,0 ,--,(444),(444),(400),(711),(711),(711),0 ,0 ,0 ,0 ,--,--,--
Purchase of Investments,--,--,--,--,--,--,--,--,"(50,299)",--,"(64,889)","(75,393)",--,"(75,356)","(305,986)",--,"(54,729)","(54,986)","(49,778)","(149,514)","(186,795)","(187,796)","(187,076)",--,--,--,--,--,--,--,"(685,909)",--,(241),"(8,995)","(301,513)","(21,971)","(872,447)","(53,745)","(34,531)",0 ,"(50,151)","(50,151)","(70,151)",0 ,"(5,136,256)","(6,630,257)","(6,650,257)","(20,000)","(41,990)","(56,990)","(56,990)","(3,222,268)","(3,222,268)","(10,221,798)","(10,221,797)","(3,500,000)","(3,537,430)","(3,537,530)","(3,539,530)","(408,332)","(553,126)"
Other Investing Cash Flow,49 ,(20),--,"(1,909)","(2,434)",--,"(52,321)",(374),"(21,279)",(374),"(60,440)","(81,098)","(198,835)","(9,837)","137,290 ","(123,371)","(441,288)","(810,364)","(606,403)","394,652 ","687,569 ","648,844 ","280,766 ","(201,714)","(498,713)","279,379 ","(1,668,541)",(830),"933,959 ","13,823 ","749,670 ","94,158 ","125,201 ","537,726 ","1,558,571 ","305,689 ","312,177 ","283,608 ","169,474 ","(29,179)","8,466 ","10,525 ","(64,406)","36,027 ","52,128 ","46,759 ","29,320 ","(56,124)","(47,927)","44,140 ","92,110 ","17,880 ","(35,508)","19,239 ","(16,922)","55,001 ","89,544 ","100,623 ","168,826 ","23,714 ","282,781 "
Cash from Investing Activities,"(10,227)","(19,245)","(2,423)","(30,263)","(99,101)","(44,220)","(221,356)","(48,638)","(111,212)","(48,638)","(544,335)","(409,615)","(368,591)","(800,473)","(1,100,090)","(331,710)","(1,102,301)","(3,531,593)","(6,431,219)","90,486 ","(735,654)","(2,850,783)","(7,932,459)","(1,056,719)","(2,435,367)","(5,904,673)","(12,911,066)","(1,947,135)","(3,741,366)","(6,921,221)","(7,834,945)","(358,152)","(1,055,168)","(1,999,419)","(2,122,800)","(1,877,097)","(3,783,017)","(4,526,471)","(5,566,718)","(9,138,955)","(10,940,501)","(12,806,725)","(14,834,436)","(2,005,702)","(8,776,316)","(11,986,670)","(14,195,540)","(1,597,840)","(2,697,922)","(3,930,495)","(5,940,590)","(3,916,034)","(4,455,450)","(6,403,844)","(6,870,597)","(4,531,304)","(6,386,367)","(7,388,401)","(7,926,955)","(1,054,434)","(1,163,954)"
,,,,,,,,,,,,,,,,,,,,,,,,,,,,,,,,,,,,,,,,,,,,,,,,,,,,,,,,,,,,,
Cash Flow-Financing Activities (THB Thousands),,,,,,,,,,,,,,,,,,,,,,,,,,,,,,,,,,,,,,,,,,,,,,,,,,,,,,,,,,,,,
Financing Cash Flow Items,"(29,800)",2 ,--,0 ,0 ,--,--,"(75,000)",--,"(75,000)",--,--,"(85,400)","(85,400)","(201,420)","(12,852)","(26,150)","(41,347)","(55,846)","(56,806)","(153,089)","(229,884)","(329,443)","(121,748)","(307,737)","(378,384)","(646,060)","(173,090)","(408,023)","(672,963)","(856,118)","(280,637)","(497,755)","(852,569)","(1,075,415)","(169,710)","(184,630)","(1,562,374)","(1,867,240)","(153,507)","(524,586)","(803,123)","(1,431,158)","(530,153)","(683,723)","(982,525)","(1,089,450)","405,238 ","82,362 ","(207,346)","(561,984)","(210,543)","(613,722)","(878,408)","(1,157,621)","(481,487)","(995,177)","(1,427,718)","(2,860,121)","(941,196)","(1,693,675)"
Other Financing Cash Flow,"(29,800)",2 ,--,0 ,0 ,--,--,"(75,000)",--,"(75,000)",--,--,"(85,400)","(85,400)","(201,420)","(12,852)","(26,150)","(41,347)","(55,846)","(56,806)","(153,089)","(229,884)","(329,443)","(121,748)","(307,737)","(378,384)","(646,060)","(173,090)","(408,023)","(672,963)","(856,118)","(280,637)","(497,755)","(852,569)","(1,075,415)","(169,710)","(184,630)","(1,562,374)","(1,867,240)","(153,507)","(524,586)","(803,123)","(1,431,158)","(530,153)","(683,723)","(982,525)","(1,089,450)","405,238 ","82,362 ","(207,346)","(561,984)","(210,543)","(613,722)","(878,408)","(1,157,621)","(481,487)","(995,177)","(1,427,718)","(2,860,121)","(941,196)","(1,693,675)"
Total Cash Dividends Paid,--,--,--,--,--,--,--,--,--,--,--,--,--,--,--,--,"(37,299)","(37,299)","(37,299)",--,"(74,600)","(74,600)","(74,600)",--,"(74,600)","(74,600)","(74,600)",--,"(373,000)","(373,000)","(373,000)",--,"(533,386)","(558,907)","(558,907)",--,"(736,178)","(736,156)","(745,950)",--,"(932,130)","(932,382)","(932,407)",--,"(1,118,926)","(1,118,937)","(1,118,938)",--,"(1,118,579)","(1,118,579)","(1,118,604)",--,"(1,118,810)","(1,118,810)","(1,118,810)",(2),"(1,119,082)","(1,119,082)","(1,119,083)",0 ,"(1,113,851)"
Cash Dividends Paid - Common,--,--,--,--,--,--,--,--,--,--,--,--,--,--,--,--,"(37,299)","(37,299)","(37,299)",--,"(74,600)","(74,600)","(74,600)",--,"(74,600)","(74,600)","(74,600)",--,"(373,000)","(373,000)","(373,000)",--,"(533,386)","(558,907)","(558,907)",--,"(736,178)","(736,156)","(745,950)",--,"(932,130)","(932,382)","(932,407)",--,"(1,118,926)","(1,118,937)","(1,118,938)",--,"(1,118,579)","(1,118,579)","(1,118,604)",--,"(1,118,810)","(1,118,810)","(1,118,810)",(2),"(1,119,082)","(1,119,082)","(1,119,083)",0 ,"(1,113,851)"
"Issuance (Retirement) of Stock, Net",0 ,0 ,"200,000 ","200,000 ","200,000 ",0 ,--,"248,800 ","384,450 ","248,800 ","384,300 ",0 ,"180,000 ","180,000 ","180,000 ","2,990,516 ","2,990,516 ","2,990,516 ","2,990,516 ",1 ,0 ,0 ,0 ,--,0 ,0 ,0 ,--,50 ,50 ,50 ,--,0 ,"110,000 ","110,000 ","25,217 ",--,"391,796 ","596,245 ",0 ,--,"444,494 ","387,805 ",--,--,"384,625 ",--,--,--,--,--,--,--,--,--,--,--,--,--,--,--
Sale/Issuance of Common,0 ,0 ,"200,000 ","200,000 ","200,000 ",0 ,--,"248,800 ","384,450 ","248,800 ","384,300 ",0 ,"180,000 ","180,000 ","180,000 ","2,990,516 ","2,990,516 ","2,990,516 ","2,990,516 ",--,0 ,0 ,0 ,--,--,--,--,--,--,--,--,--,--,--,--,--,--,--,--,--,--,--,--,--,--,--,--,--,--,--,--,--,--,--,--,--,--,--,--,--,--
"Common Stock, Net",0 ,0 ,"200,000 ","200,000 ","200,000 ",0 ,--,"248,800 ","384,450 ","248,800 ","384,300 ",0 ,"180,000 ","180,000 ","180,000 ","2,990,516 ","2,990,516 ","2,990,516 ","2,990,516 ",--,0 ,0 ,0 ,--,--,--,--,--,--,--,--,--,--,--,--,--,--,--,--,--,--,--,--,--,--,--,--,--,--,--,--,--,--,--,--,--,--,--,--,--,--
Options Exercised,--,--,--,--,--,--,--,--,--,--,--,--,--,--,--,0 ,--,--,--,1 ,--,--,--,--,0 ,0 ,0 ,--,50 ,50 ,50 ,--,0 ,"110,000 ","110,000 ","25,217 ",--,"391,796 ","596,245 ",0 ,--,"444,494 ","387,805 ",--,--,"384,625 ",--,--,--,--,--,--,--,--,--,--,--,--,--,--,--
"Issuance (Retirement) of Debt, Net",0 ,"5,200 ","(50,000)","(50,000)","(25,000)","74,946 ","328,629 ","(2,834)","(61,651)","(2,834)","89,565 ","29,068 ","273,418 ","610,980 ","864,609 ","(271,489)","(326,085)","1,432,439 ","4,867,103 ","(31,767)","84,031 ","2,289,607 ","5,925,218 ","941,979 ","1,788,565 ","4,525,172 ","10,215,919 ","822,981 ","3,065,938 ","6,370,121 ","6,175,488 ","(352,233)","(478,839)","(919,248)","(741,350)","(135,685)","1,132,789 ","985,398 ","1,418,612 ","5,377,603 ","7,629,527 ","11,310,626 ","12,698,890 ","267,408 ","717,634 ","76,307 ","67,509 ","133,256 ","592,561 ","(1,171,169)","(129,470)","1,838,054 ","3,062,474 ","6,718,319 ","7,605,961 ","7,768,872 ","10,276,291 ","19,843,176 ","11,571,387 ","(179,631)","(1,061,663)"
Short Term Debt Issued,--,--,0 ,--,--,"65,000 ","54,000 ","80,803 ",--,"80,803 ","214,016 ","40,010 ","82,870 ","85,170 ","650,070 ",0 ,"475,178 ","1,298,048 ","1,830,304 ","413,170 ","997,461 ","2,807,021 ","2,378,956 ","1,064,750 ","2,498,253 ","3,562,245 ","4,738,496 ","1,494,129 ","2,603,473 ","3,532,059 ","4,556,765 ","760,742 ","1,487,667 ","2,544,854 ","3,138,461 ","883,943 ","2,839,046 ","4,175,444 ","5,522,038 ","2,394,736 ","6,267,455 ","7,409,711 ","8,150,947 ","1,047,384 ","2,698,547 ","3,866,948 ","4,898,169 ","2,290,592 ","3,296,681 ","4,573,852 ","5,379,290 ","2,876,886 ","7,837,295 ","14,338,107 ","23,014,060 ","9,541,195 ","20,190,161 ","29,453,830 ","34,737,029 ","3,700,785 ","9,998,496 "
Short Term Debt Reduction,0 ,"5,200 ","(50,000)","(50,000)","(25,000)","10,000 ","151,122 ","(49,455)","(39,252)","(49,455)","(83,114)","(7,192)","193,548 ","155,255 ","267,069 ","(323,227)","(822,440)","(1,064,247)","(1,695,506)","(538,188)","(1,023,269)","(2,623,372)","(2,242,694)","(771,668)","(1,855,989)","(3,178,287)","(3,769,878)","(1,074,707)","(2,442,760)","(4,242,898)","(5,300,705)","(883,105)","(1,503,708)","(2,645,226)","(3,202,942)","(993,757)","(1,655,001)","(3,123,870)","(4,628,246)","(1,694,393)","(3,359,668)","(6,836,582)","(9,307,937)","(834,320)","(2,015,115)","(3,036,059)","(3,372,358)","(551,965)","(3,529,567)","(5,310,531)","(6,143,629)","(952,203)","(2,902,120)","(7,777,088)","(13,672,621)","(8,128,937)","(17,499,523)","(27,005,615)","(37,340,794)","(3,649,469)","(9,111,182)"
"Short Term Debt, Net",0 ,"5,200 ","(50,000)","(50,000)","(25,000)","75,000 ","205,122 ","31,348 ","(39,252)","31,348 ","130,902 ","32,818 ","276,418 ","240,425 ","917,139 ","(323,227)","(347,262)","233,801 ","134,798 ","(125,018)","(25,808)","183,649 ","136,262 ","293,082 ","642,264 ","383,958 ","968,618 ","419,422 ","160,713 ","(710,839)","(743,940)","(122,363)","(16,041)","(100,372)","(64,481)","(109,814)","1,184,045 ","1,051,574 ","893,791 ","700,343 ","2,907,787 ","573,129 ","(1,156,990)","213,064 ","683,432 ","830,889 ","1,525,811 ","1,738,627 ","(232,886)","(736,679)","(764,339)","1,924,683 ","4,935,175 ","6,561,019 ","9,341,439 ","1,412,258 ","2,690,638 ","2,448,215 ","(2,603,765)","51,316 ","887,314 "
Long Term Debt Issued,--,--,--,--,--,--,"140,000 ",--,--,--,--,0 ,"17,000 ","406,815 ",--,"82,110 ","82,110 ","1,290,132 ","4,854,361 ","124,682 ","223,145 ","2,301,562 ","6,062,931 ","727,198 ","1,362,226 ","4,492,283 ","10,259,745 ","631,751 ","3,548,798 ","12,630,148 ","12,620,549 ",0 ,0 ,"40,000 ","247,089 ",--,--,"12,911 ","802,446 ","4,876,000 ","4,940,062 ","11,984,262 ","15,125,585 ","102,011 ","161,207 ","2,446,142 ","3,502,200 ","1,557,624 ","4,352,875 ","25,915,863 ","29,224,166 ","1,000,000 ","1,129,263 ","6,229,263 ","6,229,263 ","7,574,813 ","10,894,075 ","22,966,666 ","25,623,608 ","2,407,069 ","2,407,587 "
Long Term Debt Reduction,--,--,--,--,--,(54),"(16,493)","(34,182)","(23,346)","(34,182)","(41,337)","(3,750)","(20,010)","(36,270)","(52,530)","(30,372)","(60,933)","(91,494)","(122,055)","(31,431)","(113,306)","(195,604)","(273,975)","(78,301)","(215,925)","(351,069)","(1,012,443)","(228,192)","(643,573)","(5,549,188)","(5,701,120)","(229,870)","(462,798)","(858,876)","(923,958)","(25,871)","(51,256)","(79,087)","(277,626)","(198,740)","(218,322)","(1,246,765)","(1,269,705)","(47,667)","(127,005)","(3,200,724)","(4,960,502)","(3,162,995)","(3,527,428)","(26,350,353)","(28,589,297)","(1,086,629)","(3,001,964)","(6,071,963)","(7,964,741)","(1,218,199)","(3,308,422)","(5,571,705)","(11,448,456)","(2,638,016)","(4,356,564)"
"Long Term Debt, Net",--,--,--,--,--,(54),"123,507 ","(34,182)","(22,399)","(34,182)","(41,337)","(3,750)","(3,000)","370,555 ","(52,530)","51,738 ","21,177 ","1,198,638 ","4,732,306 ","93,251 ","109,839 ","2,105,958 ","5,788,956 ","648,897 ","1,146,301 ","4,141,214 ","9,247,302 ","403,559 ","2,905,225 ","7,080,960 ","6,919,428 ","(229,870)","(462,798)","(818,876)","(676,869)","(25,871)","(51,256)","(66,176)","524,820 ","4,677,260 ","4,721,740 ","10,737,497 ","13,855,881 ","54,344 ","34,202 ","(754,582)","(1,458,302)","(1,605,371)","825,447 ","(434,490)","634,869 ","(86,629)","(1,872,701)","157,300 ","(1,735,478)","6,356,614 ","7,585,653 ","17,394,961 ","14,175,152 ","(230,947)","(1,948,977)"
Cash from Financing Activities,"(29,800)","5,202 ","150,000 ","150,000 ","175,000 ","74,946 ","328,629 ","170,966 ","322,799 ","170,966 ","473,865 ","29,068 ","368,018 ","705,580 ","843,189 ","2,706,175 ","2,600,982 ","4,344,309 ","7,764,474 ","(88,572)","(143,658)","1,985,123 ","5,521,175 ","820,231 ","1,406,228 ","4,072,188 ","9,495,260 ","649,891 ","2,284,965 ","5,324,208 ","4,946,421 ","(632,870)","(1,509,980)","(2,220,724)","(2,265,672)","(280,178)","211,981 ","(921,336)","(598,334)","5,224,096 ","6,172,811 ","10,019,615 ","10,723,130 ","(262,745)","(1,085,015)","(1,640,530)","(2,140,879)","538,494 ","(443,656)","(2,497,094)","(1,810,057)","1,627,511 ","1,329,942 ","4,721,101 ","5,329,530 ","7,287,383 ","8,162,032 ","17,296,376 ","7,592,184 ","(1,120,827)","(3,869,189)"
,,,,,,,,,,,,,,,,,,,,,,,,,,,,,,,,,,,,,,,,,,,,,,,,,,,,,,,,,,,,,
Foreign Exchange Effects,--,--,--,--,--,--,--,--,--,--,--,--,--,--,--,--,--,--,--,--,--,--,--,--,--,--,--,--,--,--,--,--,--,--,--,"(3,482)","(1,929)","(6,035)","(54,746)","(48,640)","(60,020)","(44,437)","(41,553)","(50,643)","11,943 ","(60,980)","20,500 ","96,334 ","21,123 ","61,342 ","(71,173)","(39,588)","(17,763)","25,267 ","(66,117)","(15,900)","27,052 ","24,625 ","44,327 ","12,323 ","(8,493)"
Net Change in Cash,"9,060 ",277 ,"142,045 ","36,641 ","27,205 ","(26,211)","(28,368)","59,735 ","344,630 ","59,735 ","117,960 ","(117,204)","(5,044)","(58,282)","(113,957)","2,420,306 ","1,645,126 ","1,077,509 ","1,504,767 ","587,405 ","230,053 ","734,179 ","(304,229)","391,752 ","365,932 ","228,558 ","40,003 ","(283,719)","620,911 ","2,000,415 ","2,062,928 ","301,447 ","389,760 ","406,647 ","1,832,912 ","(497,762)","(251,878)","105,683 ","972,917 ","(2,224,500)","(1,341,166)","3,057,312 ","4,550,381 ","527,257 ","(5,089,127)","(6,463,353)","(7,078,284)","1,584,168 ","1,260,023 ","362,582 ","(23,696)","237,148 ","(262,023)","880,952 ","283,761 ","924,221 ","(611,240)","8,206,206 ","(747,003)","(219,217)","(1,180,802)"
,,,,,,,,,,,,,,,,,,,,,,,,,,,,,,,,,,,,,,,,,,,,,,,,,,,,,,,,,,,,,
Net Cash - Beginning Balance,"4,493 ","4,493 ","4,769 ","4,769 ","4,769 ","31,974 ","31,974 ","3,606 ","63,341 ","3,606 ","63,341 ","181,301 ","181,301 ","181,301 ","181,301 ","67,344 ","67,344 ","67,344 ","67,344 ","1,572,110 ","1,572,110 ","1,572,110 ","1,572,110 ","1,267,882 ","569,811 ","569,811 ","569,811 ","2,912,253 ","609,814 ","609,814 ","609,814 ","2,672,742 ","2,672,742 ","2,672,742 ","2,672,742 ","4,505,654 ","4,505,654 ","4,505,654 ","4,505,654 ","5,478,570 ","5,478,570 ","5,478,570 ","5,478,570 ","10,028,952 ","10,028,952 ","10,028,952 ","10,028,952 ","2,950,667 ","2,950,667 ","2,950,667 ","2,950,667 ","2,926,972 ","2,926,972 ","2,926,972 ","2,926,972 ","3,210,732 ","3,210,732 ","3,210,732 ","3,210,732 ","2,463,729 ","2,463,729 "
Net Cash - Ending Balance,"13,553 ","4,769 ","146,814 ","41,411 ","31,974 ","5,763 ","3,607 ","63,341 ","407,972 ","63,341 ","181,301 ","64,097 ","176,256 ","123,019 ","67,344 ","2,487,650 ","1,712,470 ","1,144,853 ","1,572,110 ","2,159,515 ","1,802,163 ","2,306,289 ","1,267,882 ","1,659,634 ","935,743 ","798,369 ","609,814 ","2,628,534 ","1,230,725 ","2,610,229 ","2,672,742 ","2,974,189 ","3,062,502 ","3,079,389 ","4,505,654 ","4,007,892 ","4,253,776 ","4,611,337 ","5,478,570 ","3,254,070 ","4,137,404 ","8,535,882 ","10,028,952 ","10,556,209 ","4,939,825 ","3,565,599 ","2,950,667 ","4,534,835 ","4,210,690 ","3,313,249 ","2,926,972 ","3,164,120 ","2,664,949 ","3,807,924 ","3,210,732 ","4,134,953 ","2,599,492 ","11,416,938 ","2,463,729 ","2,244,512 ","1,282,927 "
Cash Interest Paid,0 ,966 ,783 ,900 ,"1,039 ",865 ,"9,017 ","15,621 ","8,680 ","15,621 ","17,352 ","4,118 ","9,067 ","20,987 ","23,516 ","12,852 ","26,150 ","41,347 ","55,846 ","56,806 ","153,089 ","229,884 ","329,443 ","121,748 ","307,737 ","378,384 ","646,060 ","173,090 ","408,023 ","672,963 ","1,169,359 ","280,637 ","497,755 ","852,569 ","1,216,234 ","169,710 ","550,293 ","718,258 ","1,098,782 ","179,677 ","550,756 ","821,593 ","1,457,328 ","569,788 ","772,625 ","989,279 ","1,480,829 ","224,112 ","755,274 ","1,061,480 ","1,402,097 ","202,434 ","595,554 ","843,666 ","1,110,244 ","472,370 ","961,553 ","1,366,852 ","2,176,872 ","833,509 ","1,576,310 "
Cash Taxes Paid,"11,424 ","11,881 ",0 ,627 ,"7,721 ",24 ,"8,058 ",209 ,"1,380 ",209 ,"2,825 ",163 ,194 ,300 ,329 ,76 ,"5,600 ","22,189 ","21,680 ","13,684 ","23,704 ","30,193 ","41,262 ","1,526 ","23,071 ","31,652 ","37,740 ",64 ,"9,352 ","22,268 ","35,794 ","1,125 ","5,707 ","6,931 ","8,862 ","3,835 ","10,985 ","20,870 ","44,083 ","16,979 ","50,027 ","60,502 ","19,527 ","6,113 ","14,039 ","27,073 ","28,800 ","9,394 ","24,697 ","45,846 ","52,623 ","9,704 ","28,816 ","128,343 ","135,401 ","9,850 ","96,434 ","250,998 ","273,410 ","12,820 ","149,638 "
"Lease liability Reduced, Supplemental",--,--,--,--,--,--,--,--,--,--,--,--,--,--,--,--,--,--,--,--,--,--,--,--,--,--,--,--,--,--,--,--,--,--,--,--,--,--,--,--,--,--,--,"(18,132)","(76,789)","(82,854)","(115,476)","(82,313)","(115,522)","(137,005)","(156,139)","(46,324)","(83,000)","(113,887)","(131,699)","(35,895)","(59,443)","(99,977)","(124,906)","(84,782)","(112,635)"
"Share Based Payments, Supplemental",--,--,--,--,--,--,--,--,--,--,--,--,--,--,--,--,--,--,--,--,--,--,--,--,--,--,--,--,--,--,--,--,--,--,--,--,--,--,--,--,--,--,"7,263 ",--,--,0 ,"11,396 ",--,--,--,--,--,--,--,--,--,--,--,--,--,--
Net Changes in Working Capital,"65,744 ","6,442 ","(33,737)","(118,456)","(91,300)","(121,906)","(176,531)","(207,118)","35,890 ","(252,525)","92,363 ","213,149 ","(96,564)","(70,861)","15,110 ","(85,705)","(90,519)","(29,589)","(308,903)","(23,058)","(81,597)","(153,222)","(224,985)","(215,745)","(541,915)","(844,825)","(639,650)","(47,539)","(504,392)","(369,221)","(386,081)","(231,650)","(220,531)","(271,612)","(339,837)","(78,510)","(199,184)","19,025 ","205,327 ","(168,255)","(680,159)","(1,075,736)","(1,208,818)","434,008 ","74,444 ","350,208 ","(199,469)","54,804 ","(310,474)","(720,243)","(2,091,764)","248,514 ","(1,639,574)","(4,280,552)","(8,251,865)","(5,612,266)","(9,690,395)","(11,632,927)","(12,567,441)","(134,331)","(132,496)"
,,,,,,,,,,,,,,,,,,,,,,,,,,,,,,,,,,,,,,,,,,,,,,,,,,,,,,,,,,,,,
Free Cash Flow,"38,306 ","(5,410)","(8,240)","(111,736)","(145,646)","(101,158)","(306,176)","(110,980)","51,018 ","(110,980)","(251,079)","6,600 ","(170,480)","(678,425)","(785,834)","(177,138)","(618,570)","(2,943,959)","(6,453,706)","429,506 ","185,827 ","(2,054,626)","(6,505,504)","(218,524)","(509,960)","(4,356,614)","(8,021,318)","(932,780)","(2,598,013)","(3,337,616)","(2,947,254)","840,039 ","1,773,775 ","2,091,534 ","2,838,236 ","(497,820)","75,509 ","747,743 ","1,489,278 ","(7,370,777)","(7,373,802)","(6,839,770)","(5,958,191)","1,111,478 ","1,374,206 ","2,152,936 ","1,999,374 ","1,025,464 ","1,766,123 ","2,804,834 ","1,807,557 ","1,827,835 ","1,647,266 ","438,803 ","(682,859)","(2,902,263)","(5,516,052)","(5,853,918)","(5,184,670)","1,253,905 ","2,846,141 "
,,,,,,,,,,,,,,,,,,,,,,,,,,,,,,,,,,,,,,,,,,,,,,,,,,,,,,,,,,,,,
