SPCG PCL | Balance Sheet                                25-Sep-2024 16:33,,,,,,,,,,,,,,,,,,,,,,,,,,,,,,,,,,,,,,,,,,,,,,,,,,,,,,,,,,,,,,,,,,,,,,,,,,,,,,
,,,,,,,,,,,,,,,,,,,,,,,,,,,,,,,,,,,,,,,,,,,,,,,,,,,,,,,,,,,,,,,,,,,,,,,,,,,,,,
Balance Sheet,,,,,,,,,,,,,,,,,,,,,,,,,,,,,,,,,,,,,,,,,,,,,,,,,,,,,,,,,,,,,,,,,,,,,,,,,,,,,,
Quarterly Standardised in Thousands of Thai Baht,,,,,,,,,,,,,,,,,,,,,,,,,,,,,,,,,,,,,,,,,,,,,,,,,,,,,,,,,,,,,,,,,,,,,,,,,,,,,,
,2004,2005,,,2006,,,,2007,,,,2008,,,,2009,,,,2010,,,,2011,,,,2012,,,,2013,,,,2014,,,,2015,,,,2016,,,,2017,,,,2018,,,,2019,,,,2020,,,,2021,,,,2022,,,,2023,,,,2024,
, Dec-2004, Mar-2005, Sep-2005, Dec-2005, Mar-2006, Jun-2006, Sep-2006, Dec-2006, Mar-2007, Jun-2007, Sep-2007, Dec-2007, Mar-2008, Jun-2008, Sep-2008, Dec-2008, Mar-2009, Jun-2009, Sep-2009, Dec-2009, Mar-2010, Jun-2010, Sep-2010, Dec-2010, Mar-2011, Jun-2011, Sep-2011, Dec-2011, Mar-2012, Jun-2012, Sep-2012, Dec-2012, Mar-2013, Jun-2013, Sep-2013, Dec-2013, Mar-2014, Jun-2014, Sep-2014, Dec-2014, Mar-2015, Jun-2015, Sep-2015, Dec-2015, Mar-2016, Jun-2016, Sep-2016, Dec-2016, Mar-2017, Jun-2017, Sep-2017, Dec-2017, Mar-2018, Jun-2018, Sep-2018, Dec-2018, Mar-2019, Jun-2019, Sep-2019, Dec-2019, Mar-2020, Jun-2020, Sep-2020, Dec-2020, Mar-2021, Jun-2021, Sep-2021, Dec-2021, Mar-2022, Jun-2022, Sep-2022, Dec-2022, Mar-2023, Jun-2023, Sep-2023, Dec-2023, Mar-2024, Jun-2024
Earnings Quality Score,N/A ,N/A ,N/A ,N/A ,N/A ,N/A ,N/A ,N/A ,N/A ,N/A ,N/A ,N/A ,N/A ,N/A ,N/A ,N/A ,N/A ,N/A ,N/A ,N/A ,N/A ,N/A ,N/A ,N/A ,N/A ,N/A ,N/A ,N/A ,N/A ,N/A ,N/A ,N/A ,N/A ,N/A ,N/A ,N/A ,N/A ,4 ,15 ,38 ,76 ,82 ,84 ,90 ,89 ,87 ,87 ,90 ,88 ,79 ,73 ,80 ,80 ,80 ,85 ,70 ,81 ,89 ,89 ,90 ,94 ,82 ,82 ,75 ,45 ,43 ,37 ,33 ,51 ,67 ,69 ,80 ,79 ,85 ,85 ,79 ,72 ,63 
Period End Date,31-Dec-2004 ,31-Mar-2005 ,30-Sep-2005 ,31-Dec-2005 ,31-Mar-2006 ,30-Jun-2006 ,30-Sep-2006 ,31-Dec-2006 ,31-Mar-2007 ,30-Jun-2007 ,30-Sep-2007 ,31-Dec-2007 ,31-Mar-2008 ,30-Jun-2008 ,30-Sep-2008 ,31-Dec-2008 ,31-Mar-2009 ,30-Jun-2009 ,30-Sep-2009 ,31-Dec-2009 ,31-Mar-2010 ,30-Jun-2010 ,30-Sep-2010 ,31-Dec-2010 ,31-Mar-2011 ,30-Jun-2011 ,30-Sep-2011 ,31-Dec-2011 ,31-Mar-2012 ,30-Jun-2012 ,30-Sep-2012 ,31-Dec-2012 ,31-Mar-2013 ,30-Jun-2013 ,30-Sep-2013 ,31-Dec-2013 ,31-Mar-2014 ,30-Jun-2014 ,30-Sep-2014 ,31-Dec-2014 ,31-Mar-2015 ,30-Jun-2015 ,30-Sep-2015 ,31-Dec-2015 ,31-Mar-2016 ,30-Jun-2016 ,30-Sep-2016 ,31-Dec-2016 ,31-Mar-2017 ,30-Jun-2017 ,30-Sep-2017 ,31-Dec-2017 ,31-Mar-2018 ,30-Jun-2018 ,30-Sep-2018 ,31-Dec-2018 ,31-Mar-2019 ,30-Jun-2019 ,30-Sep-2019 ,31-Dec-2019 ,31-Mar-2020 ,30-Jun-2020 ,30-Sep-2020 ,31-Dec-2020 ,31-Mar-2021 ,30-Jun-2021 ,30-Sep-2021 ,31-Dec-2021 ,31-Mar-2022 ,30-Jun-2022 ,30-Sep-2022 ,31-Dec-2022 ,31-Mar-2023 ,30-Jun-2023 ,30-Sep-2023 ,31-Dec-2023 ,31-Mar-2024 ,30-Jun-2024 
Assets (THB Thousands),,,,,,,,,,,,,,,,,,,,,,,,,,,,,,,,,,,,,,,,,,,,,,,,,,,,,,,,,,,,,,,,,,,,,,,,,,,,,,
Cash and Short Term Investments,"7,063 ","7,311 ","2,280 ","19,789 ","29,993 ","10,391 ","7,795 ","17,885 ","23,280 ","8,750 ","25,215 ","18,669 ","24,518 ","12,118 ","16,779 ","13,270 ","9,545 ","22,128 ","9,408 ","4,801 ","14,812 ","17,161 ","24,749 ","66,040 ","99,280 ","227,027 ","270,965 ","311,982 ","841,391 ","382,881 ","227,881 ","72,192 ","173,965 ","143,488 ","571,340 ","288,505 ","137,130 ","1,434,340 ","2,649,176 ","2,834,243 ","2,936,904 ","2,699,384 ","2,958,807 ","3,709,553 ","4,560,082 ","4,176,385 ","4,356,705 ","3,359,724 ","3,469,264 ","2,210,024 ","2,170,636 ","1,786,964 ","3,248,240 ","2,517,896 ","2,615,240 ","1,986,217 ","3,034,289 ","3,596,117 ","4,030,294 ","3,104,463 ","3,510,589 ","3,040,788 ","3,499,729 ","2,513,322 ","1,935,446 ","2,535,784 ","2,766,005 ","3,032,441 ","3,871,914 ","3,857,573 ","3,685,687 ","3,233,506 ","4,083,980 ","4,201,076 ","4,550,421 ","4,443,202 ","4,945,370 ","4,668,563 "
Cash & Equivalents,"7,063 ","7,311 ","2,280 ","19,789 ","29,993 ","10,391 ","7,795 ","17,885 ","23,280 ","8,750 ","25,215 ","18,669 ","24,518 ","12,118 ","16,779 ","13,270 ","9,545 ","22,128 ","9,408 ","4,801 ","14,812 ","17,161 ","24,749 ","46,026 ","92,347 ","201,467 ","167,728 ","311,982 ","841,391 ","382,881 ","227,881 ","72,192 ","173,965 ","143,488 ","571,340 ","288,505 ","137,130 ","95,413 ","35,748 ","90,583 ","19,100 ","18,813 ","20,461 ","76,079 ","83,200 ","80,420 ","69,180 ","454,974 ","78,549 ","50,128 ","97,195 ","345,897 ","81,308 ","160,671 ","136,100 ","129,152 ","101,950 ","111,673 ","176,781 ","460,067 ","1,565,066 ","161,659 ","128,703 ","735,467 ","468,029 ","104,236 ","123,082 ","46,049 ","71,685 ","1,981,870 ","2,185,669 ","1,733,488 ","4,083,962 ","4,177,203 ","4,547,097 ","4,443,184 ","1,383,985 ","1,333,073 "
Short Term Investments,--,--,--,--,--,--,--,--,--,--,--,--,--,--,--,--,--,--,--,--,--,--,--,"20,014 ","6,933 ","25,560 ","103,237 ",--,--,--,--,--,--,--,--,0 ,--,"1,338,927 ","2,613,428 ","2,743,660 ","2,917,804 ","2,680,571 ","2,938,346 ","3,633,474 ","4,476,882 ","4,095,965 ","4,287,525 ","2,904,750 ","3,390,715 ","2,159,896 ","2,073,441 ","1,441,067 ","3,166,932 ","2,357,225 ","2,479,140 ","1,857,065 ","2,932,339 ","3,484,444 ","3,853,513 ","2,644,396 ","1,945,523 ","2,879,129 ","3,371,026 ","1,777,855 ","1,467,417 ","2,431,548 ","2,642,923 ","2,986,392 ","3,800,229 ","1,875,703 ","1,500,018 ","1,500,018 ",18 ,"23,873 ","3,324 ",18 ,"3,561,385 ","3,335,490 "
"Accounts Receivable - Trade, Net","38,678 ","37,966 ","45,551 ","46,935 ","49,688 ","65,868 ","53,601 ","58,085 ","52,912 ","37,801 ","40,234 ","47,047 ","35,104 ","49,771 ","36,744 ","28,793 ","37,834 ","45,637 ","46,862 ","41,313 ","40,792 ","35,882 ","45,159 ","19,918 ","57,925 ","110,582 ","105,906 ","171,809 ","162,723 ","198,819 ","292,087 ","303,940 ","370,961 ","368,220 ","425,494 ","541,455 ","555,515 ","751,149 ","819,930 ","915,289 ","916,261 ","897,305 ","839,102 ","895,768 ","905,224 ","809,185 ","966,142 ","972,004 ","877,849 ","792,132 ","1,112,229 ","1,525,866 ","1,691,573 ","1,627,989 ","1,248,906 ","1,226,707 ","1,118,108 ","997,770 ","990,796 ","1,008,001 ","1,044,140 ","889,943 ","858,361 ","974,044 ","811,946 ","817,489 ","694,240 ","828,805 ","723,288 ","660,910 ","750,777 ","1,058,459 ","996,335 ","1,025,064 ","729,891 ","757,512 ","693,519 ","359,733 "
"Accounts Receivable - Trade, Gross","39,669 ","39,953 ","47,709 ","49,439 ","52,162 ","69,260 ","58,450 ","63,521 ","59,379 ","44,360 ","47,338 ","55,436 ","44,512 ","59,803 ","47,531 ","40,415 ","49,298 ","57,491 ","59,450 ","54,423 ","54,080 ","49,243 ","58,550 ","19,918 ","72,754 ","125,514 ","120,620 ","171,809 ","178,350 ","211,689 ","293,919 ","305,682 ","372,544 ","370,107 ","427,345 ","545,430 ","559,135 ","754,521 ","822,677 ","919,163 ","920,221 ","901,516 ","841,930 ","899,673 ","909,277 ","814,192 ","970,718 ","976,138 ","881,808 ","796,006 ","1,115,756 ","1,529,393 ","1,695,015 ","1,631,860 ","1,252,777 ","1,231,211 ","1,122,912 ","1,003,447 ","996,503 ","1,032,209 ","1,068,458 ","914,269 ","882,345 ","1,001,092 ","838,938 ","844,441 ","723,812 ","858,355 ","752,392 ","689,770 ","779,637 ","1,087,383 ","1,025,259 ","1,053,475 ","758,841 ","786,790 ","723,508 ","389,722 "
Provision for Doubtful Accounts,(991),"(1,987)","(2,158)","(2,504)","(2,474)","(3,392)","(4,849)","(5,436)","(6,467)","(6,559)","(7,104)","(8,389)","(9,408)","(10,032)","(10,787)","(11,622)","(11,464)","(11,854)","(12,588)","(13,110)","(13,288)","(13,361)","(13,391)",--,"(14,829)","(14,932)","(14,714)",--,"(15,627)","(12,870)","(1,832)","(1,742)","(1,583)","(1,887)","(1,851)","(3,975)","(3,620)","(3,372)","(2,747)","(3,874)","(3,960)","(4,211)","(2,828)","(3,905)","(4,053)","(5,007)","(4,576)","(4,134)","(3,959)","(3,874)","(3,527)","(3,527)","(3,442)","(3,871)","(3,871)","(4,504)","(4,804)","(5,677)","(5,707)","(24,208)","(24,318)","(24,326)","(23,984)","(27,048)","(26,992)","(26,952)","(29,572)","(29,550)","(29,104)","(28,860)","(28,860)","(28,924)","(28,924)","(28,411)","(28,950)","(29,278)","(29,989)","(29,989)"
"Total Receivables, Net","48,240 ","55,189 ","68,098 ","63,832 ","67,292 ","83,210 ","74,309 ","62,975 ","59,620 ","48,653 ","50,110 ","51,418 ","58,790 ","69,802 ","58,249 ","47,873 ","47,724 ","55,067 ","70,532 ","57,695 ","61,939 ","55,013 ","45,159 ","49,141 ","130,850 ","178,779 ","181,420 ","171,809 ","305,089 ","353,721 ","400,522 ","594,723 ","429,387 ","507,342 ","551,099 ","985,282 ","584,467 ","795,614 ","851,646 ","1,189,202 ","949,150 ","932,939 ","882,812 ","940,971 ","956,206 ","894,163 ","1,039,845 ","972,004 ","1,014,628 ","1,041,407 ","1,112,229 ","1,525,866 ","1,691,573 ","1,627,989 ","1,248,906 ","1,226,707 ","1,167,055 ","1,040,011 ","1,024,120 ","1,025,058 ","1,068,947 ","922,559 ","882,756 ","1,028,760 ","897,384 ","840,568 ","714,116 ","850,850 ","748,338 ","683,595 ","772,258 ","1,085,063 ","1,012,862 ","1,050,332 ","750,587 ","775,350 ","714,778 ","414,378 "
Notes Receivable - Short Term,853 ,"1,101 ","1,856 ","1,856 ","1,826 ","2,099 ","1,811 ","1,811 ",--,"3,081 ","4,027 ","4,371 ","7,176 ","5,960 ","5,839 ","19,080 ","9,890 ","9,430 ","23,670 ","16,382 ","21,147 ","19,131 ",--,--,"17,533 ","4,825 ","9,129 ",--,--,--,--,"50,000 ","1,000 ",0 ,0 ,--,--,--,--,--,--,--,--,--,--,--,--,0 ,--,--,--,--,--,--,--,--,--,--,--,--,--,--,--,--,--,--,--,--,--,--,--,--,0 ,0 ,0 ,0 ,0 ,0 
Receivables - Other,"8,709 ","16,122 ","20,691 ","15,041 ","15,778 ","15,243 ","18,897 ","3,079 ","6,708 ","7,771 ","5,849 ",--,"16,510 ","14,071 ","15,666 ",--,--,--,--,--,--,--,--,"29,223 ","55,392 ","63,372 ","66,385 ",--,"142,366 ","154,902 ","108,435 ","240,783 ","57,426 ","139,122 ","125,605 ","443,827 ","28,952 ","44,465 ","31,716 ","273,913 ","32,889 ","35,634 ","43,710 ","45,203 ","50,982 ","84,978 ","73,703 ",--,"136,779 ","249,275 ",--,--,--,--,--,--,"48,947 ","42,241 ","33,324 ","17,057 ","24,807 ","32,616 ","24,395 ","54,716 ","85,438 ","23,079 ","19,876 ","22,045 ","25,050 ","22,685 ","21,481 ","26,604 ","16,527 ","25,268 ","20,696 ","17,838 ","21,259 ","54,645 "
Total Inventory,"47,756 ","39,802 ","16,986 ","25,291 ","28,561 ","35,279 ","38,713 ","29,911 ","24,474 ","25,673 ","27,077 ","25,016 ","47,090 ","51,303 ","73,673 ","47,346 ","20,850 ","24,147 ","37,380 ","41,044 ","31,613 ","24,428 ","35,912 ","1,473 ","49,180 ","38,814 ","41,774 ","29,536 ","38,875 ","39,059 ","49,317 ","54,939 ","51,112 ","41,003 ","109,389 ","667,384 ","679,355 ","679,882 ","569,118 ","428,259 ","307,630 ","297,145 ","189,008 ","215,930 ","344,867 ","371,920 ","445,409 ","580,996 ","764,190 ","717,255 ","925,365 ","709,093 ","1,144,027 ","1,086,292 ","1,121,411 ","906,265 ","851,148 ","786,712 ","820,509 ","762,581 ","636,192 ","631,832 ","554,478 ","537,400 ","533,079 ","485,035 ","520,227 ","467,337 ","458,626 ","446,770 ","364,150 ","295,531 ","269,062 ","209,652 ","240,562 ","191,782 ","247,256 ","268,137 "
Inventories - Finished Goods,"6,224 ","7,213 ","2,144 ","4,161 ","6,519 ","4,376 ","7,758 ","3,965 ","6,397 ","5,517 ","3,370 ","1,552 ","5,047 ","4,529 ","2,556 ","1,864 ","2,733 ","4,945 ","3,130 ","5,958 ","3,884 ","3,598 ","3,497 ",--,"6,562 ","7,025 ","10,232 ",--,--,--,--,--,--,--,--,"621,818 ",--,--,--,"380,424 ",--,--,--,--,"302,162 ","329,743 ","404,096 ","142,350 ","722,525 ","692,634 ","17,598 ","20,372 ","15,107 ","18,749 ","14,302 ","18,059 ","16,295 ","16,001 ","16,752 ","44,598 ","13,495 ","12,461 ","14,562 ","14,915 ","8,743 ",--,--,"8,795 ",--,--,--,--,--,--,--,"1,058 ",--,--
Inventories - Work In Progress,--,--,"1,923 ",--,--,--,--,--,--,--,--,269 ,"5,999 ","2,714 ","2,904 ","1,180 ","1,581 ",946 ,"2,136 ","3,202 ","3,005 ",728 ,"4,728 ",--,"4,166 ","3,914 ","5,187 ",--,--,--,--,--,--,--,--,"6,517 ",--,--,--,"2,751 ",--,--,--,--,351 ,669 ,110 ,177 ,"1,937 ",106 ,62 ,"1,029 ","1,263 ","13,997 ","47,215 ","13,494 ","4,796 ","4,993 ","44,459 ","4,070 ",182 ,76 ,0 ,--,--,--,--,--,--,--,--,--,--,--,--,--,--,--
Inventories - Raw Materials,"42,264 ","33,360 ","13,085 ","21,297 ","22,209 ","31,070 ","31,122 ","26,113 ","18,244 ","20,323 ","23,874 ","23,362 ","36,211 ","44,227 ","68,380 ","45,355 ","17,691 ","19,411 ","33,269 ","33,039 ","25,879 ","21,257 ","28,842 ",--,"39,607 ","29,030 ","27,510 ",--,--,--,--,--,--,--,--,"40,506 ",--,--,--,"48,837 ",--,--,--,--,"45,861 ","45,015 ","44,710 ","441,976 ","43,235 ","28,022 ","911,212 ","691,199 ","1,131,164 ","1,057,053 ","1,063,401 ","878,234 ","833,579 ","769,240 ","762,820 ","717,435 ","626,037 ","622,817 ","543,285 ","526,002 ","527,065 ",--,--,"461,271 ",--,--,--,--,--,--,--,"191,530 ",--,--
Inventories - Other,(732),(771),(166),(167),(167),(167),(167),(167),(167),(167),(167),(167),(167),(167),(167),"(1,053)","(1,155)","(1,155)","(1,155)","(1,155)","(1,155)","(1,155)","(1,155)",--,"(1,155)","(1,155)","(1,155)",--,--,--,--,--,--,--,--,"(1,457)",--,--,--,"(3,753)",--,--,--,--,"(3,507)","(3,507)","(3,507)","(3,507)","(3,507)","(3,507)","(3,507)","(3,507)","(3,507)","(3,507)","(3,507)","(3,522)","(3,522)","(3,522)","(3,522)","(3,522)","(3,522)","(3,522)","(3,369)","(3,517)","(2,729)",--,--,"(2,729)",--,--,--,--,--,--,--,(806),--,--
Prepaid Expenses,--,--,--,--,--,--,--,--,--,--,--,--,--,--,--,--,--,--,--,--,--,--,--,--,--,--,--,--,--,--,"20,635 ","39,646 ","55,794 ","63,336 ","56,756 ","33,486 ","39,119 ","52,884 ","80,534 ","54,820 ","26,223 ","33,701 ","26,622 ",--,--,--,--,--,--,--,--,--,--,--,--,--,--,--,--,--,--,--,--,--,--,--,--,--,--,--,--,--,--,--,--,--,--,--
"Other Current Assets, Total",775 ,347 ,"1,661 ",920 ,"1,139 ","1,386 ","1,440 ",794 ,"1,032 ","1,193 ",906 ,524 ,"2,083 ",575 ,"5,858 ","4,148 ","5,561 ","5,776 ","6,070 ","3,875 ","2,879 ","2,670 ","2,716 ","4,700 ","6,143 ","7,760 ","6,930 ","210,669 ","166,590 ","218,812 ","256,610 ","533,926 ","534,213 ","462,794 ","456,098 ","213,785 ","830,815 ","582,465 ","494,006 ","260,000 ","599,290 ","357,921 ","312,652 ","120,041 ","88,133 ","99,797 ","114,286 ","106,833 ","139,466 ","142,505 ","168,434 ","149,614 ","184,361 ","169,030 ","161,334 ","138,077 ","146,794 ","144,496 ","145,592 ","122,490 ","123,600 ","118,573 ","118,743 ","99,118 ","95,313 ","118,298 ","138,701 ","126,460 ","116,486 ","120,138 ","122,801 ","83,975 ","87,683 ","93,617 ","93,189 ","94,139 ","89,968 ","91,302 "
Restricted Cash - Current,--,--,--,--,--,--,--,--,--,--,--,--,--,--,--,--,--,--,--,--,--,--,--,--,--,--,--,"101,380 ",--,--,--,"265,097 ","218,345 ","142,258 ","114,948 ","197,324 ","424,575 ","219,741 ","196,526 ","241,738 ","403,414 ","197,843 ","172,960 ",--,--,--,--,--,--,--,--,--,--,--,--,--,--,--,--,--,--,--,--,--,"6,002 ","10,002 ","10,002 ","10,002 ",18 ,0 ,0 ,0 ,--,--,--,--,--,--
Other Current Assets,775 ,347 ,"1,661 ",920 ,"1,139 ","1,386 ","1,440 ",794 ,"1,032 ","1,193 ",906 ,524 ,"2,083 ",575 ,"5,858 ","4,148 ","5,561 ","5,776 ","6,070 ","3,875 ","2,879 ","2,670 ","2,716 ","4,700 ","6,143 ","7,760 ","6,930 ","109,289 ","166,590 ","218,812 ","256,610 ","268,829 ","315,868 ","320,536 ","341,150 ","16,461 ","406,240 ","362,724 ","297,480 ","18,262 ","195,876 ","160,078 ","139,692 ","120,041 ","88,133 ","99,797 ","114,286 ","106,833 ","139,466 ","142,505 ","168,434 ","149,614 ","184,361 ","169,030 ","161,334 ","138,077 ","146,794 ","144,496 ","145,592 ","122,490 ","123,600 ","118,573 ","118,743 ","99,118 ","89,311 ","108,296 ","128,699 ","116,458 ","116,468 ","120,138 ","122,801 ","83,975 ","87,683 ","93,617 ","93,189 ","94,139 ","89,968 ","91,302 "
Total Current Assets,"103,834 ","102,649 ","89,025 ","109,832 ","126,985 ","130,266 ","122,257 ","111,565 ","108,406 ","84,269 ","103,308 ","95,627 ","132,481 ","133,798 ","154,559 ","112,637 ","83,680 ","107,118 ","123,390 ","107,415 ","111,243 ","99,272 ","108,536 ","121,354 ","285,453 ","452,380 ","501,089 ","723,996 ","1,351,945 ","994,473 ","954,965 ","1,295,426 ","1,244,471 ","1,217,963 ","1,744,682 ","2,188,442 ","2,270,886 ","3,545,185 ","4,644,480 ","4,766,524 ","4,819,197 ","4,321,090 ","4,369,901 ","4,986,495 ","5,949,288 ","5,542,265 ","5,956,245 ","5,019,557 ","5,387,548 ","4,111,191 ","4,376,664 ","4,171,537 ","6,268,201 ","5,401,207 ","5,146,891 ","4,257,266 ","5,199,286 ","5,567,336 ","6,020,515 ","5,014,592 ","5,339,328 ","4,713,752 ","5,055,706 ","4,178,600 ","3,461,222 ","3,979,685 ","4,139,049 ","4,477,088 ","5,195,364 ","5,108,076 ","4,944,896 ","4,698,075 ","5,453,587 ","5,554,677 ","5,634,759 ","5,504,473 ","5,997,372 ","5,442,380 "
,,,,,,,,,,,,,,,,,,,,,,,,,,,,,,,,,,,,,,,,,,,,,,,,,,,,,,,,,,,,,,,,,,,,,,,,,,,,,,
"Property/Plant/Equipment, Total - Gross",--,--,--,--,--,--,--,--,--,--,--,"111,064 ",--,--,--,"119,467 ",--,--,--,"119,534 ",--,--,--,--,--,--,--,--,--,--,--,--,--,--,--,--,--,--,--,--,--,--,--,--,--,--,--,--,--,--,--,--,--,--,--,--,--,--,--,--,--,--,--,--,--,--,--,--,--,--,--,--,--,--,--,--,--,--
Buildings - Gross,--,--,--,--,--,--,--,--,--,--,--,"17,064 ",--,--,--,"39,120 ",--,--,--,"39,119 ",--,--,--,--,--,--,--,--,--,--,--,--,--,--,--,--,--,--,--,--,--,--,--,--,--,--,--,--,--,--,--,--,--,--,--,--,--,--,--,--,--,--,--,--,--,--,--,--,--,--,--,--,--,--,--,--,--,--
Land/Improvements - Gross,--,--,--,--,--,--,--,--,--,--,--,"36,104 ",--,--,--,"36,104 ",--,--,--,"36,104 ",--,--,--,--,--,--,--,--,--,--,--,--,--,--,--,--,--,--,--,--,--,--,--,--,--,--,--,--,--,--,--,--,--,--,--,--,--,--,--,--,--,--,--,--,--,--,--,--,--,--,--,--,--,--,--,--,--,--
Machinery/Equipment - Gross,--,--,--,--,--,--,--,--,--,--,--,"41,395 ",--,--,--,"44,243 ",--,--,--,"44,311 ",--,--,--,--,--,--,--,--,--,--,--,--,--,--,--,--,--,--,--,--,--,--,--,--,--,--,--,--,--,--,--,--,--,--,--,--,--,--,--,--,--,--,--,--,--,--,--,--,--,--,--,--,--,--,--,--,--,--
Construction in Progress - Gross,--,--,--,--,--,--,--,--,--,--,--,"16,501 ",--,--,--,0 ,--,--,--,0 ,--,--,--,--,--,--,--,--,--,--,--,--,--,--,--,--,--,--,--,--,--,--,--,--,--,--,--,--,--,--,--,--,--,--,--,--,--,--,--,--,--,--,--,--,--,--,--,--,--,--,--,--,--,--,--,--,--,--
"Property/Plant/Equipment, Total - Net","42,831 ","56,450 ","61,889 ","60,197 ","59,290 ","58,852 ","58,301 ","67,241 ","73,596 ","72,681 ","77,345 ","86,195 ","93,247 ","92,555 ","90,379 ","88,732 ","86,635 ","84,621 ","82,744 ","80,811 ","78,961 ","80,069 ","78,259 ","1,764,374 ","1,969,784 ","3,217,315 ","3,422,384 ","4,070,894 ","5,257,113 ","8,461,484 ","9,183,582 ","11,147,901 ","13,616,096 ","16,061,356 ","17,940,452 ","18,937,045 ","19,045,057 ","18,979,058 ","18,920,312 ","18,779,094 ","18,634,618 ","18,484,424 ","18,467,195 ","18,314,469 ","18,158,456 ","18,054,092 ","17,898,612 ","17,743,670 ","17,589,362 ","17,476,664 ","17,330,334 ","17,149,953 ","17,018,797 ","16,854,993 ","16,660,858 ","16,458,438 ","16,294,521 ","16,124,641 ","15,964,294 ","15,800,320 ","15,736,195 ","15,567,089 ","15,409,029 ","15,263,510 ","16,242,053 ","17,248,335 ","17,352,027 ","17,318,004 ","17,147,218 ","17,062,841 ","16,903,111 ","16,746,850 ","16,655,275 ","16,527,412 ","16,377,067 ","16,231,443 ","16,078,604 ","15,909,271 "
"Accumulated Depreciation, Total",--,--,--,--,--,--,--,--,--,--,--,"(24,869)",--,--,--,"(30,735)",--,--,--,"(38,723)",--,--,--,--,--,--,--,--,--,--,--,--,--,--,--,--,--,--,--,--,--,--,--,--,--,--,--,--,--,--,--,--,--,--,--,--,--,--,--,--,--,--,--,--,--,--,--,--,--,--,--,--,--,--,--,--,--,--
"Goodwill, Net",--,--,--,--,--,--,--,--,--,--,--,--,--,--,--,--,--,--,--,--,--,--,--,--,"11,286 ","11,286 ","11,286 ","11,286 ","11,286 ","11,286 ","11,286 ","11,286 ","11,286 ","11,286 ","11,286 ","11,286 ","11,286 ","11,286 ","11,286 ","11,286 ","11,286 ","11,286 ","11,286 ",--,"11,286 ","11,286 ","11,286 ",--,--,--,--,--,--,--,--,--,--,--,--,--,--,--,--,--,--,--,--,--,--,--,--,--,--,--,--,--,--,--
"Intangibles, Net",--,--,--,--,--,--,--,"1,019 ",962 ,905 ,849 ,995 ,191 ,180 ,168 ,513 ,483 ,452 ,424 ,480 ,447 ,415 ,382 ,338 ,678 ,682 ,846 ,782 ,"3,476 ","4,039 ","5,248 ","5,130 ","8,520 ","10,927 ","12,088 ","71,263 ","71,449 ","75,901 ","83,092 ","81,727 ","80,378 ","80,297 ","78,934 ","104,953 ","91,760 ","89,981 ","98,305 ","107,562 ","105,402 ","103,293 ","101,352 ","99,330 ","97,488 ","96,156 ","96,023 ","94,682 ","94,894 ","101,313 ","102,291 ","101,361 ","98,867 ","97,970 ","97,030 ","94,488 ","93,132 ","90,500 ","87,747 ","84,930 ","82,149 ","79,986 ","77,208 ","75,219 ","72,604 ","69,951 ","67,428 ","64,790 ","62,269 ","60,018 "
Intangibles - Gross,--,--,--,--,--,--,--,--,--,--,--,"1,364 ",--,--,--,596 ,--,--,--,651 ,--,--,--,--,--,--,--,--,--,--,--,--,--,--,--,--,--,--,--,--,--,--,--,--,--,--,--,--,--,--,--,--,--,--,--,--,--,--,--,--,--,--,--,--,--,--,--,--,--,--,--,--,--,--,--,--,--,--
Accumulated Intangible Amortization,--,--,--,--,--,--,--,--,--,--,--,(369),--,--,--,(83),--,--,--,(171),--,--,--,--,--,--,--,--,--,--,--,--,--,--,--,--,--,--,--,--,--,--,--,--,--,--,--,--,--,--,--,--,--,--,--,--,--,--,--,--,--,--,--,--,--,--,--,--,--,--,--,--,--,--,--,--,--,--
Long Term Investments,--,--,--,--,--,--,--,--,--,--,--,--,--,--,--,--,--,--,--,--,--,--,--,--,--,--,--,--,--,--,"80,143 ","108,018 ","109,720 ","114,491 ","115,893 ","7,626 ","7,270 ","18,892 ","18,664 ","18,805 ","18,423 ","18,018 ","17,871 ","486,284 ","485,866 ","485,443 ","485,146 ","485,542 ","1,051,770 ","1,504,869 ","1,642,162 ","761,774 ","1,363,688 ","1,795,975 ","1,928,279 ","1,188,358 ","1,076,076 ","196,931 ","200,912 ","236,760 ","912,493 ","1,493,227 ","1,501,853 ","1,462,286 ","1,462,258 ","1,456,480 ","1,560,433 ","1,509,947 ","1,521,885 ","1,517,010 ","1,518,000 ","1,516,742 ","1,513,835 ","1,484,020 ","1,482,849 ","1,479,905 ","1,478,839 ","1,430,028 "
LT Investment - Affiliate Companies,--,--,--,--,--,--,--,--,--,--,--,--,--,--,--,--,--,--,--,--,--,--,--,--,--,--,--,--,--,--,"2,898 ","108,018 ","109,720 ","114,491 ","115,893 ","5,074 ","4,750 ","4,418 ","4,223 ","4,397 ","4,047 ","3,675 ","3,561 ","3,329 ","2,944 ","2,554 ","2,290 ","2,718 ","2,472 ","2,726 ","2,726 ","1,799 ",0 ,0 ,0 ,0 ,--,--,--,"39,976 ","40,152 ","39,108 ","39,147 ",0 ,0 ,0 ,0 ,0 ,0 ,0 ,0 ,0 ,0 ,0 ,0 ,0 ,0 ,0 
LT Investments - Other,--,--,--,--,--,--,--,--,--,--,--,--,--,--,--,--,--,--,--,--,--,--,--,--,--,--,--,--,--,--,"77,245 ",--,--,--,--,"2,552 ","2,520 ","14,474 ","14,441 ","14,408 ","14,376 ","14,343 ","14,310 ","482,955 ","482,922 ","482,889 ","482,856 ","482,824 ","1,049,298 ","1,502,143 ","1,639,436 ","759,975 ","1,363,688 ","1,795,975 ","1,928,279 ","1,188,358 ","1,076,076 ","196,931 ","200,912 ","196,784 ","872,341 ","1,454,119 ","1,462,706 ","1,462,286 ","1,462,258 ","1,456,480 ","1,560,433 ","1,509,947 ","1,521,885 ","1,517,010 ","1,518,000 ","1,516,742 ","1,513,835 ","1,484,020 ","1,482,849 ","1,479,905 ","1,478,839 ","1,430,028 "
Note Receivable - Long Term,--,--,--,--,--,--,--,--,--,--,--,--,--,--,--,--,--,--,--,--,--,--,--,"2,329 ","9,432 ","2,814 ","3,335 ",--,--,--,--,--,--,--,--,--,--,--,--,--,--,--,--,--,--,--,--,--,--,--,--,--,--,--,--,--,--,--,--,--,--,--,--,--,--,--,--,--,--,--,--,--,0 ,0 ,0 ,0 ,0 ,0 
"Other Long Term Assets, Total","7,341 ","2,512 ","1,766 ","2,076 ","6,272 ","6,057 ","8,460 ","5,722 ",69 ,652 ,624 ,"3,734 ","1,511 ","1,756 ","1,829 ","1,576 ","1,121 ","1,460 ","2,446 ","3,336 ","5,959 ","5,861 ","5,002 ","128,948 ","651,182 ","414,408 ","513,390 ","409,689 ","226,284 ","324,273 ","423,604 ","484,068 ","708,982 ","909,005 ","1,169,962 ","1,285,165 ","1,416,605 ","1,751,290 ","1,821,908 ","1,913,485 ","2,054,307 ","2,219,605 ","2,242,292 ","843,459 ","872,680 ","869,508 ","876,211 ","875,945 ","869,980 ","864,629 ","852,314 ","844,044 ","835,442 ","824,403 ","811,647 ","798,880 ","785,212 ","772,252 ","759,409 ","750,268 ","770,920 ","755,338 ","736,459 ","719,311 ","700,137 ","684,350 ","664,884 ","658,261 ","651,897 ","725,342 ","692,230 ","681,269 ","667,292 ","644,217 ","628,896 ","616,281 ","594,993 ","579,531 "
Deferred Charges,--,--,--,--,--,--,--,--,--,--,--,--,--,--,--,--,--,--,--,--,--,--,--,"5,755 ","34,932 ",--,"15,199 ",--,--,--,--,--,--,--,--,--,--,--,--,"630,461 ",--,--,--,"683,210 ",--,--,--,--,--,--,--,"682,852 ",--,--,--,--,--,--,--,"583,150 ","570,172 ","557,144 ","544,048 ","531,152 ","518,627 ","506,201 ","493,756 ","481,312 ","469,782 ","458,261 ","446,613 ","434,965 ","423,445 ","411,923 ","400,276 ","388,628 ","377,234 ","365,713 "
Defered Income Tax - Long Term Asset,--,--,--,--,--,--,--,--,--,--,--,--,--,--,--,--,--,--,--,--,--,--,--,--,--,--,--,"15,448 ",--,--,--,"30,152 ","26,922 ","38,989 ","45,786 ","52,790 ","64,437 ","89,832 ","81,746 ","76,456 ","86,526 ","151,805 ","156,963 ","156,763 ","156,734 ","159,732 ","159,982 ","159,945 ","159,947 ","161,035 ","156,652 ","156,667 ","156,762 ","156,780 ","156,803 ","157,340 ","157,475 ","157,514 ","157,547 ","162,427 ","196,083 ","193,953 ","188,188 ","184,101 ","177,446 ","174,091 ","167,058 ","169,817 ","173,174 ","177,110 ","155,659 ","156,247 ","150,261 ","150,365 ","149,279 ","149,953 ","145,166 ","146,359 "
Restricted Cash - Long Term,--,218 ,--,281 ,--,"2,388 ","2,408 ","2,428 ",0 ,0 ,--,--,--,--,--,--,--,--,--,--,--,--,--,"119,386 ","24,513 ","60,176 ","69,950 ","66,924 ","157,468 ","212,352 ","294,225 ","293,295 ","420,672 ","550,823 ","723,113 ","660,140 ","733,315 ","1,059,575 ","1,122,341 ","1,204,834 ","1,320,377 ","1,407,640 ","1,411,679 ",--,--,--,--,--,--,--,--,--,--,--,--,--,--,--,--,--,--,--,--,--,--,--,--,--,--,--,--,--,--,--,--,--,--,--
Other Long Term Assets,"7,341 ","2,294 ","1,766 ","1,795 ","6,272 ","3,669 ","6,052 ","3,294 ",69 ,652 ,624 ,"3,734 ","1,511 ","1,756 ","1,829 ","1,576 ","1,121 ","1,460 ","2,446 ","3,336 ","5,959 ","5,861 ","5,002 ","3,807 ","591,737 ","354,232 ","428,241 ","327,317 ","68,816 ","111,921 ","129,379 ","160,621 ","261,388 ","319,193 ","401,063 ","572,235 ","618,853 ","601,883 ","617,821 ","1,734 ","647,404 ","660,160 ","673,650 ","3,486 ","715,946 ","709,776 ","716,229 ","716,000 ","710,033 ","703,594 ","695,662 ","4,525 ","678,680 ","667,623 ","654,844 ","641,540 ","627,737 ","614,738 ","601,862 ","4,691 ","4,665 ","4,241 ","4,223 ","4,058 ","4,064 ","4,058 ","4,070 ","7,132 ","8,941 ","89,971 ","89,958 ","90,057 ","93,586 ","81,929 ","79,341 ","77,700 ","72,593 ","67,459 "
Total Assets,"154,006 ","161,611 ","152,680 ","172,105 ","192,547 ","195,175 ","189,018 ","185,547 ","183,033 ","158,507 ","182,126 ","186,551 ","227,430 ","228,289 ","246,935 ","203,458 ","171,919 ","193,651 ","209,004 ","192,042 ","196,610 ","185,617 ","192,179 ","2,017,343 ","2,927,815 ","4,098,885 ","4,452,330 ","5,216,647 ","6,850,104 ","9,795,555 ","10,658,828 ","13,051,829 ","15,699,075 ","18,325,028 ","20,994,363 ","22,500,827 ","22,822,553 ","24,381,612 ","25,499,742 ","25,570,921 ","25,618,209 ","25,134,720 ","25,187,479 ","24,735,660 ","25,569,336 ","25,052,575 ","25,325,805 ","24,232,276 ","25,004,062 ","24,060,646 ","24,302,826 ","23,026,638 ","25,583,616 ","24,972,734 ","24,643,698 ","22,797,624 ","23,449,989 ","22,762,473 ","23,047,421 ","21,903,301 ","22,857,803 ","22,627,376 ","22,800,077 ","21,718,195 ","21,958,802 ","23,459,350 ","23,804,140 ","24,048,230 ","24,598,513 ","24,493,255 ","24,135,445 ","23,718,155 ","24,362,593 ","24,280,277 ","24,190,999 ","23,896,892 ","24,212,077 ","23,421,228 "
,,,,,,,,,,,,,,,,,,,,,,,,,,,,,,,,,,,,,,,,,,,,,,,,,,,,,,,,,,,,,,,,,,,,,,,,,,,,,,
Liabilities (THB Thousands),,,,,,,,,,,,,,,,,,,,,,,,,,,,,,,,,,,,,,,,,,,,,,,,,,,,,,,,,,,,,,,,,,,,,,,,,,,,,,
Accounts Payable,"55,055 ","48,860 ","51,392 ","55,785 ","67,446 ","66,017 ","59,451 ","63,111 ","56,716 ","48,663 ","65,843 ","59,846 ","90,147 ","71,275 ","83,420 ","54,635 ","29,962 ","55,787 ","76,549 ","50,488 ","56,848 ","46,752 ","69,127 ","822,533 ","1,299,421 ","1,589,685 ","816,179 ",--,"1,082,663 ","3,577,256 ","2,143,697 ","1,910,172 ","3,471,433 ","3,375,595 ","2,657,637 ","1,913,380 ","792,760 ","644,481 ","224,664 ","90,043 ","81,275 ","83,525 ","86,835 ",--,--,--,--,--,"131,535 ","185,322 ","194,674 ","821,319 ","945,063 ","463,934 ","398,303 ","279,271 ","252,529 ","219,003 ","217,721 ","222,436 ","195,465 ","138,752 ","130,472 ","132,117 ","79,744 ",--,--,--,--,--,--,--,--,--,--,--,--,--
Payable/Accrued,--,--,--,--,--,--,--,--,--,--,--,--,--,--,--,--,--,--,--,--,--,--,--,--,--,--,--,"879,990 ",--,--,--,--,--,--,--,--,--,--,--,--,--,--,--,"84,429 ","231,154 ","317,693 ","378,021 ","1,047,374 ","706,592 ","246,463 ","553,010 ",--,--,--,--,--,--,--,--,--,--,--,--,--,--,"181,876 ","249,638 ","137,176 ","173,283 ","235,315 ","260,759 ","363,126 ","292,112 ","375,725 ","355,243 ","316,843 ","297,962 ","211,704 "
Accrued Expenses,"3,538 ","2,406 ","8,412 ","4,415 ","4,915 ","8,549 ","12,182 ","5,953 ","5,914 ","5,175 ","5,448 ","2,530 ","5,067 ","6,319 ","6,552 ","4,509 ","3,607 ","3,406 ","4,643 ","4,041 ","5,688 ","5,041 ","3,705 ",--,"15,012 ","11,954 ","34,033 ",--,"53,277 ","128,614 ","56,300 ","44,193 ","103,736 ","114,485 ","77,483 ","121,909 ","99,742 ","127,908 ","92,580 ","82,178 ","66,054 ","91,842 ","78,350 ",--,--,--,--,--,--,--,--,"148,093 ","243,679 ","192,045 ","264,012 ","176,656 ","187,864 ","99,360 ","170,970 ","112,893 ","175,458 ","112,260 ","112,407 ","46,765 ","81,965 ",--,--,--,--,--,--,--,--,--,--,--,--,--
Notes Payable/Short Term Debt,"8,424 ","11,000 ","11,964 ","6,000 ","6,000 ","6,039 ","6,620 ","6,000 ","6,000 ",0 ,0 ,0 ,0 ,"10,000 ","10,000 ","8,000 ","8,000 ","8,000 ",0 ,"10,000 ","13,000 ","10,000 ",0 ,0 ,0 ,"132,200 ","659,316 ","493,240 ","23,303 ","73,758 ","315,994 ","1,197,870 ",29 ,0 ,0 ,0 ,"20,253 ","3,000 ",0 ,"2,650 ",0 ,"5,000 ",0 ,"6,000 ","6,000 ","6,000 ","6,000 ",0 ,0 ,"5,770 ","9,000 ","10,938 ","9,354 ","474,144 ","149,585 ","99,021 ",0 ,"7,083 ","53,862 ","30,632 ","7,000 ","7,000 ","7,000 ","3,000 ",0 ,"1,000,000 ","1,008,673 ","20,674 ",0 ,0 ,0 ,0 ,0 ,0 ,0 ,0 ,0 ,0 
Current Port. of LT Debt/Capital Leases,"2,494 ","4,934 ","5,060 ",--,--,--,--,951 ,"1,700 ","1,744 ","3,067 ","3,820 ","3,690 ","4,142 ","4,058 ","3,965 ","3,864 ","3,900 ","3,980 ","4,629 ","4,498 ","4,949 ","4,158 ","47,456 ","146,898 ","152,468 ","171,751 ","248,204 ","290,563 ","320,242 ","508,467 ","728,268 ","1,331,652 ","1,754,565 ","2,213,815 ","1,485,261 ","1,882,080 ","2,146,702 ","2,100,689 ","2,469,945 ","2,385,947 ","2,392,108 ","2,406,726 ","2,469,521 ","2,479,810 ","2,469,184 ","2,471,184 ","2,703,629 ","2,708,013 ","2,939,912 ","2,940,727 ","2,941,877 ","2,942,518 ","2,943,333 ","2,944,076 ","2,370,089 ","2,370,663 ","1,796,266 ","1,796,573 ","1,696,880 ","2,214,953 ","2,216,853 ","2,213,415 ","2,218,453 ","1,718,738 ","1,718,910 ","1,719,097 ","1,676,885 ","1,652,228 ","1,892,229 ","1,270,031 ","670,351 ","670,045 ","670,806 ","671,059 ","1,522,837 ","1,520,207 ","1,517,122 "
"Other Current liabilities, Total","22,981 ","21,058 ","9,235 ","6,388 ","20,042 ","12,377 ","11,087 ","5,985 ","4,899 ","4,005 ","5,684 ","9,094 ","8,852 ","16,864 ","25,611 ","13,375 ","11,853 ","15,410 ","12,941 ","23,780 ","15,009 ","18,682 ","17,401 ","10,189 ","34,714 ","45,637 ","37,552 ","17,512 ","46,522 ","69,552 ","153,684 ","165,908 ","186,590 ","213,662 ","170,889 ","137,122 ","94,804 ","103,621 ","208,558 ","171,941 ","98,873 ","100,392 ","108,511 ","282,686 ","164,279 ","155,412 ","254,062 ","90,854 ","230,821 ","199,713 ","99,098 ","217,251 ","186,861 ","206,661 ","174,902 ","184,407 ","155,748 ","148,578 ","179,222 ","117,487 ","887,959 ","97,119 ","140,212 ","123,596 ","202,860 ","106,333 ","105,510 ","116,786 ","156,249 ","243,619 ","113,118 ","179,622 ","234,276 ","176,559 ","151,546 ","170,967 ","206,214 ","70,798 "
Dividends Payable,--,--,--,--,"11,000 ",--,--,--,--,--,--,--,--,--,--,5 ,--,--,--,"10,003 ",32 ,42 ,35 ,--,--,--,--,--,--,--,--,--,--,--,--,--,--,--,"8,104 ",--,--,--,--,--,--,--,--,--,--,--,--,--,--,--,--,--,--,--,--,--,"771,012 ",--,--,--,--,--,--,--,--,--,--,--,--,--,--,--,--,--
Customer Advances,"17,412 ","13,375 ","3,689 ","3,187 ","4,128 ","4,668 ","5,990 ","1,314 ",956 ,"1,597 ","1,965 ","2,236 ","3,705 ","6,604 ","12,605 ","4,343 ","6,218 ","9,681 ","7,621 ","10,434 ","5,599 ","8,594 ","7,644 ",--,"21,402 ","22,801 ","13,908 ",--,"14,044 ","11,513 ","82,693 ","46,957 ","10,956 ","9,302 ","91,303 ","60,777 ","21,311 ","36,907 ","78,083 ","83,907 ","10,289 ","11,761 ","25,083 ",--,--,--,--,--,--,--,--,"71,090 ","55,856 ","69,263 ","37,586 ","30,598 ","32,460 ","37,933 ","54,754 ","13,702 ",527 ,787 ,973 ,"11,333 ","36,185 ",--,--,--,--,--,--,--,--,--,--,--,--,--
Income Taxes Payable,"4,180 ","6,327 ","1,965 ",--,"1,622 ","2,763 ",--,--,"1,314 ",88 ,--,--,--,--,--,--,--,--,--,--,--,--,--,--,--,--,--,"6,218 ","17,662 ","24,751 ","37,792 ",405 ,"40,986 ","28,341 ","22,123 ","20,211 ","20,686 ",872 ,"5,930 ","1,878 ",267 ,575 ,180 ,4 ,5 ,727 ,"2,539 ",664 ,"1,354 ","11,909 ","7,669 ","38,625 ","56,214 ","37,109 ","20,777 ","29,197 ","32,397 ","11,127 ","9,418 ","19,941 ","35,636 ","29,747 ","29,881 ","48,896 ","78,807 ","55,515 ","28,145 ","61,256 ","105,182 ","85,382 ","41,100 ","117,201 ","181,287 ","132,983 ","83,598 ","133,685 ","168,607 ","46,496 "
Other Payables,--,--,--,108 ,--,--,--,"2,465 ",321 ,412 ,"1,562 ",--,--,--,--,--,--,--,--,--,--,--,--,--,--,--,--,--,"5,377 ","7,823 ",263 ,"32,392 ","81,288 ","127,770 ","18,377 ","7,975 ","5,866 ","9,358 ","9,520 ","10,122 ","7,393 ","7,010 ","8,336 ","161,104 ","81,638 ","69,569 ","123,368 ",--,"143,979 ","103,346 ",--,"45,270 ","14,208 ","39,807 ","16,559 ","58,464 ","24,193 ","39,428 ","17,259 ","18,950 ","13,260 ","10,407 ","9,567 ","12,714 ","30,032 ",--,--,--,--,--,--,--,--,--,--,--,--,--
Other Current Liabilities,"1,389 ","1,356 ","3,581 ","3,093 ","3,292 ","4,946 ","5,097 ","2,206 ","2,308 ","1,908 ","2,157 ","6,858 ","5,147 ","10,260 ","13,006 ","9,027 ","5,635 ","5,729 ","5,320 ","3,343 ","9,378 ","10,046 ","9,722 ","10,189 ","13,312 ","22,836 ","23,644 ","11,294 ","9,439 ","25,465 ","32,936 ","86,154 ","53,360 ","48,249 ","39,086 ","48,159 ","46,941 ","56,484 ","106,921 ","76,034 ","80,924 ","81,046 ","74,912 ","121,578 ","82,636 ","85,116 ","128,155 ","90,190 ","85,488 ","84,458 ","91,429 ","62,266 ","60,583 ","60,482 ","99,980 ","66,148 ","66,698 ","60,090 ","97,791 ","64,894 ","67,524 ","56,178 ","99,791 ","50,653 ","57,836 ","50,818 ","77,365 ","55,530 ","51,067 ","158,237 ","72,018 ","62,421 ","52,989 ","43,576 ","67,948 ","37,282 ","37,607 ","24,302 "
Total Current Liabilities,"92,492 ","88,258 ","86,063 ","72,588 ","98,403 ","92,982 ","89,340 ","82,000 ","75,229 ","59,587 ","80,042 ","75,290 ","107,756 ","108,600 ","129,641 ","84,484 ","57,286 ","86,503 ","98,113 ","92,938 ","95,043 ","85,424 ","94,391 ","880,178 ","1,496,045 ","1,931,944 ","1,718,831 ","1,638,946 ","1,496,328 ","4,169,422 ","3,178,142 ","4,046,411 ","5,093,440 ","5,458,307 ","5,119,824 ","3,657,672 ","2,889,639 ","3,025,712 ","2,626,491 ","2,816,757 ","2,632,149 ","2,672,867 ","2,680,422 ","2,842,636 ","2,881,243 ","2,948,289 ","3,109,267 ","3,841,857 ","3,776,961 ","3,577,180 ","3,796,509 ","4,139,478 ","4,327,475 ","4,280,117 ","3,930,878 ","3,109,444 ","2,966,804 ","2,270,290 ","2,418,348 ","2,180,328 ","3,480,835 ","2,571,984 ","2,603,506 ","2,523,931 ","2,083,307 ","3,007,119 ","3,082,918 ","1,951,521 ","1,981,760 ","2,371,163 ","1,643,908 ","1,213,099 ","1,196,433 ","1,223,090 ","1,177,848 ","2,010,647 ","2,024,383 ","1,799,624 "
,,,,,,,,,,,,,,,,,,,,,,,,,,,,,,,,,,,,,,,,,,,,,,,,,,,,,,,,,,,,,,,,,,,,,,,,,,,,,,
Total Long Term Debt,"5,974 ","12,444 ","13,561 ","3,722 ","3,534 ","3,296 ","2,993 ","2,774 ","5,570 ","5,112 ","8,863 ","14,969 ","19,085 ","19,602 ","18,557 ","17,511 ","16,463 ","15,324 ","14,166 ","12,436 ","11,476 ","11,748 ","8,073 ","359,880 ","419,270 ","1,033,118 ","1,523,155 ","2,228,878 ","2,745,690 ","2,977,041 ","4,756,969 ","6,245,237 ","7,705,696 ","9,810,250 ","12,387,569 ","15,161,003 ","15,826,399 ","16,731,512 ","16,299,815 ","15,541,641 ","15,122,936 ","14,350,092 ","13,915,387 ","13,320,764 ","13,407,039 ","12,985,787 ","13,082,540 ","10,602,058 ","10,698,984 ","10,031,840 ","10,033,741 ","7,663,026 ","8,163,825 ","7,590,297 ","7,591,458 ","5,792,563 ","5,793,394 ","5,794,233 ","5,795,090 ","4,095,896 ","3,672,587 ","3,670,045 ","3,676,988 ","1,967,430 ","1,963,003 ","1,958,194 ","1,953,366 ","2,690,834 ","2,560,105 ","2,186,229 ","2,181,380 ","1,526,485 ","1,536,614 ","1,534,789 ","1,529,979 ","33,893 ","32,379 ","29,729 "
Long Term Debt,"5,399 ","11,917 ","9,359 ",--,--,--,--,0 ,--,--,"4,713 ","11,171 ","15,657 ","15,358 ","14,599 ","13,840 ","13,081 ","12,322 ","11,563 ","10,804 ","10,045 ","9,286 ","5,867 ","356,063 ","410,049 ","1,023,544 ","1,514,401 ","2,221,760 ","2,739,331 ","2,970,847 ","4,752,728 ","6,241,666 ","7,700,323 ","9,805,365 ","12,377,825 ","15,150,041 ","15,817,030 ","16,722,226 ","16,291,393 ","15,534,098 ","15,118,990 ","14,346,622 ","13,912,443 ","13,318,264 ","13,405,523 ","12,984,554 ","13,081,405 ","10,601,492 ","10,698,648 ","10,031,529 ","10,033,741 ","7,661,014 ","8,161,970 ","7,588,601 ","7,589,925 ","5,791,195 ","5,792,195 ","5,793,205 ","5,794,236 ","4,095,219 ","3,596,088 ","3,596,769 ","3,597,452 ","1,898,084 ","1,898,440 ","1,898,804 ","1,899,175 ","2,641,789 ","2,516,218 ","2,147,541 ","2,147,915 ","1,498,268 ","1,498,509 ","1,498,753 ","1,499,000 ",0 ,37 ,41 
Capital Lease Obligations,575 ,527 ,"4,202 ","3,722 ","3,534 ","3,296 ","2,993 ","2,774 ","5,570 ","5,112 ","4,150 ","3,798 ","3,428 ","4,244 ","3,958 ","3,671 ","3,382 ","3,002 ","2,603 ","1,632 ","1,431 ","2,462 ","2,206 ","3,817 ","9,221 ","9,574 ","8,754 ","7,118 ","6,359 ","6,194 ","4,241 ","3,571 ","5,373 ","4,885 ","9,744 ","10,962 ","9,369 ","9,286 ","8,422 ","7,543 ","3,946 ","3,470 ","2,944 ","2,500 ","1,516 ","1,233 ","1,135 ",566 ,336 ,311 ,0 ,"2,012 ","1,855 ","1,696 ","1,533 ","1,368 ","1,199 ","1,028 ",854 ,677 ,"76,499 ","73,276 ","79,536 ","69,346 ","64,563 ","59,390 ","54,191 ","49,045 ","43,887 ","38,688 ","33,465 ","28,217 ","38,105 ","36,036 ","30,979 ","33,893 ","32,342 ","29,688 "
Total Debt,"16,892 ","28,378 ","30,585 ","9,722 ","9,534 ","9,335 ","9,613 ","9,725 ","13,270 ","6,856 ","11,930 ","18,789 ","22,775 ","33,744 ","32,615 ","29,476 ","28,327 ","27,224 ","18,146 ","27,065 ","28,974 ","26,697 ","12,231 ","407,336 ","566,168 ","1,317,786 ","2,354,222 ","2,970,322 ","3,059,556 ","3,371,041 ","5,581,430 ","8,171,375 ","9,037,377 ","11,564,815 ","14,601,384 ","16,646,264 ","17,728,732 ","18,881,214 ","18,400,504 ","18,014,236 ","17,508,883 ","16,747,200 ","16,322,113 ","15,796,285 ","15,892,849 ","15,460,971 ","15,559,724 ","13,305,687 ","13,406,997 ","12,977,522 ","12,983,468 ","10,615,841 ","11,115,697 ","11,007,774 ","10,685,119 ","8,261,673 ","8,164,057 ","7,597,582 ","7,645,525 ","5,823,408 ","5,894,540 ","5,893,898 ","5,897,403 ","4,188,883 ","3,681,741 ","4,677,104 ","4,681,136 ","4,388,393 ","4,212,333 ","4,078,458 ","3,451,411 ","2,196,836 ","2,206,659 ","2,205,595 ","2,201,038 ","1,556,730 ","1,552,586 ","1,546,851 "
Deferred Income Tax,--,--,--,--,--,--,--,--,--,--,--,--,--,--,--,--,--,--,--,--,--,--,--,--,--,--,--,--,--,--,--,--,--,"3,485 ","5,592 ","5,439 ","6,296 ","5,894 ","18,698 ","7,940 ","15,221 ","11,248 ","12,429 ","18,717 ","20,358 ","17,792 ","17,971 ","12,500 ","8,512 ","6,914 ","7,165 ","4,914 ","3,908 ","1,379 ",317 ,399 ,"1,889 ","4,126 ","7,835 ","7,050 ","12,549 ","14,705 ","15,343 ","14,615 ","10,877 ","9,685 ","8,050 ",246 ,316 ,243 ,556 ,161 ,78 ,0 ,822 ,0 ,"1,030 ","2,881 "
Deferred Income Tax - LT Liability,--,--,--,--,--,--,--,--,--,--,--,--,--,--,--,--,--,--,--,--,--,--,--,--,--,--,--,--,--,--,--,--,--,"3,485 ","5,592 ","5,439 ","6,296 ","5,894 ","18,698 ","7,940 ","15,221 ","11,248 ","12,429 ","18,717 ","20,358 ","17,792 ","17,971 ","12,500 ","8,512 ","6,914 ","7,165 ","4,914 ","3,908 ","1,379 ",317 ,399 ,"1,889 ","4,126 ","7,835 ","7,050 ","12,549 ","14,705 ","15,343 ","14,615 ","10,877 ","9,685 ","8,050 ",246 ,316 ,243 ,556 ,161 ,78 ,0 ,822 ,0 ,"1,030 ","2,881 "
Minority Interest,--,--,--,--,--,--,--,--,--,--,--,--,--,--,--,--,--,--,--,--,--,--,--,"167,074 ","264,349 ","393,289 ","464,210 ","572,074 ","607,938 ","622,450 ","681,686 ","723,872 ","765,659 ","807,240 ","918,060 ","873,660 ","1,022,208 ","1,176,425 ","1,233,896 ","1,314,409 ","1,387,172 ","1,390,401 ","1,394,035 ","1,299,745 ","1,379,961 ","1,405,238 ","1,422,447 ","1,471,270 ","1,552,910 ","1,546,507 ","1,456,493 ","1,493,389 ","1,572,817 ","1,572,308 ","1,602,652 ","1,644,899 ","1,733,564 ","1,710,252 ","1,742,156 ","1,787,316 ","1,806,359 ","1,836,733 ","1,849,064 ","1,934,558 ","1,894,093 ","2,535,675 ","2,544,731 ","2,555,221 ","2,552,558 ","2,551,898 ","2,708,176 ","2,706,333 ","2,760,615 ","2,745,813 ","2,729,611 ","2,712,397 ","2,720,974 ","2,692,646 "
"Other Liabilities, Total",--,--,--,--,--,--,--,--,--,--,--,--,--,--,--,--,--,--,--,--,--,--,--,"170,812 ","177,021 ","180,880 ","185,174 ","188,875 ","197,871 ","199,258 ","200,927 ","171,543 ","174,288 ","177,122 ","185,195 ","163,593 ","168,497 ","146,358 ","147,963 ","104,095 ","105,339 ","98,585 ","94,531 ","83,186 ","90,237 ","89,477 ","9,719 ","9,971 ","10,234 ","10,495 ","10,758 ","11,020 ","11,252 ","11,526 ","12,141 ","14,564 ","14,889 ","15,214 ","15,539 ","15,864 ","111,250 ","96,375 ","68,483 ","56,478 ","45,556 ","35,881 ","24,080 ","58,757 ","99,555 ","6,217 ","4,619 ","4,558 ","4,743 ","4,952 ","3,939 ","3,948 ","4,004 ","10,029 "
Pension Benefits - Underfunded,--,--,--,--,--,--,--,--,--,--,--,--,--,--,--,--,--,--,--,--,--,--,--,0 ,"2,352 ","2,804 ","3,258 ","3,711 ","3,940 ","4,186 ","4,424 ","4,629 ","4,740 ","4,912 ","5,105 ","4,609 ","4,832 ","5,055 ","5,278 ","6,301 ","6,531 ","6,761 ","7,812 ","8,965 ","9,222 ","9,474 ","9,719 ","9,971 ","10,234 ","10,495 ","10,758 ","11,020 ","11,252 ","11,526 ","11,841 ","14,264 ","14,589 ","14,914 ","15,239 ","15,564 ","15,903 ","16,242 ","1,879 ","2,009 ","1,891 ","1,968 ","2,047 ","3,640 ","3,794 ","3,949 ","4,104 ","4,258 ","4,419 ","4,579 ","3,550 ","3,598 ","3,704 ","9,729 "
Other Long Term Liabilities,--,--,--,--,--,--,--,--,--,--,--,--,--,--,--,--,--,--,--,--,--,--,--,"170,812 ","174,669 ","178,076 ","181,916 ","185,164 ","193,931 ","195,072 ","196,503 ","166,914 ","169,548 ","172,210 ","180,090 ","158,984 ","163,665 ","141,303 ","142,685 ","97,794 ","98,808 ","91,824 ","86,719 ","74,221 ","81,015 ","80,003 ",0 ,--,--,--,--,--,--,--,300 ,300 ,300 ,300 ,300 ,300 ,"95,347 ","80,133 ","66,604 ","54,469 ","43,665 ","33,913 ","22,033 ","55,117 ","95,761 ","2,268 ",515 ,300 ,324 ,373 ,389 ,350 ,300 ,300 
Total Liabilities,"98,466 ","100,702 ","99,624 ","76,310 ","101,937 ","96,278 ","92,333 ","84,774 ","80,799 ","64,699 ","88,905 ","90,259 ","126,841 ","128,202 ","148,198 ","101,995 ","73,749 ","101,827 ","112,279 ","105,374 ","106,519 ","97,172 ","102,464 ","1,577,944 ","2,356,685 ","3,539,231 ","3,891,370 ","4,628,773 ","5,047,827 ","7,968,171 ","8,817,724 ","11,187,063 ","13,739,083 ","16,256,404 ","18,616,240 ","19,861,367 ","19,913,039 ","21,085,901 ","20,326,863 ","19,784,842 ","19,262,817 ","18,523,193 ","18,096,804 ","17,565,048 ","17,778,838 ","17,446,583 ","17,641,944 ","15,937,656 ","16,047,601 ","15,172,936 ","15,304,666 ","13,311,827 ","14,079,277 ","13,455,627 ","13,137,446 ","10,561,869 ","10,510,540 ","9,794,115 ","9,978,968 ","8,086,454 ","9,083,580 ","8,189,842 ","8,213,384 ","6,497,012 ","5,996,836 ","7,546,554 ","7,613,145 ","7,256,579 ","7,194,294 ","7,115,750 ","6,538,639 ","5,450,636 ","5,498,483 ","5,508,644 ","5,442,199 ","4,760,885 ","4,782,770 ","4,534,909 "
,,,,,,,,,,,,,,,,,,,,,,,,,,,,,,,,,,,,,,,,,,,,,,,,,,,,,,,,,,,,,,,,,,,,,,,,,,,,,,
Shareholders Equity (THB Thousands),,,,,,,,,,,,,,,,,,,,,,,,,,,,,,,,,,,,,,,,,,,,,,,,,,,,,,,,,,,,,,,,,,,,,,,,,,,,,,
"Common Stock, Total","35,000 ","35,000 ","35,000 ","50,000 ","50,000 ","50,000 ","50,000 ","50,000 ","50,000 ","50,000 ","50,000 ","50,000 ","50,000 ","50,000 ","50,000 ","50,000 ","50,000 ","50,000 ","50,000 ","50,000 ","50,000 ","50,000 ","50,000 ","450,000 ","500,000 ","500,000 ","500,000 ","500,000 ","560,000 ","560,000 ","560,000 ","560,000 ","560,000 ","560,000 ","772,607 ","839,991 ","839,991 ","839,991 ","923,990 ","923,990 ","923,990 ","923,990 ","923,990 ","923,990 ","923,990 ","923,990 ","923,990 ","923,990 ","923,990 ","923,990 ","923,990 ","923,990 ","973,990 ","973,990 ","973,990 ","973,990 ","973,990 ","973,990 ","973,990 ","973,990 ","973,990 ","973,990 ","973,990 ","973,990 ","1,055,790 ","1,055,790 ","1,055,790 ","1,055,790 ","1,055,790 ","1,055,790 ","1,055,790 ","1,055,790 ","1,055,790 ","1,055,790 ","1,055,790 ","1,055,790 ","1,055,790 ","1,055,790 "
Common Stock,"35,000 ","35,000 ","35,000 ","50,000 ","50,000 ","50,000 ","50,000 ","50,000 ","50,000 ","50,000 ","50,000 ","50,000 ","50,000 ","50,000 ","50,000 ","50,000 ","50,000 ","50,000 ","50,000 ","50,000 ","50,000 ","50,000 ","50,000 ","450,000 ","500,000 ","500,000 ","500,000 ","500,000 ","560,000 ","560,000 ","560,000 ","560,000 ","560,000 ","560,000 ","772,607 ","839,991 ","839,991 ","839,991 ","923,990 ","923,990 ","923,990 ","923,990 ","923,990 ","923,990 ","923,990 ","923,990 ","923,990 ","923,990 ","923,990 ","923,990 ","923,990 ","923,990 ","973,990 ","973,990 ","973,990 ","973,990 ","973,990 ","973,990 ","973,990 ","973,990 ","973,990 ","973,990 ","973,990 ","973,990 ","1,055,790 ","1,055,790 ","1,055,790 ","1,055,790 ","1,055,790 ","1,055,790 ","1,055,790 ","1,055,790 ","1,055,790 ","1,055,790 ","1,055,790 ","1,055,790 ","1,055,790 ","1,055,790 "
Additional Paid-In Capital,--,--,--,"25,870 ","25,870 ","25,870 ","25,870 ","25,870 ","25,870 ","25,870 ","25,870 ","25,870 ","25,870 ","25,870 ","25,870 ","25,870 ","25,870 ","25,870 ","25,870 ","25,870 ","25,870 ","25,870 ","25,870 ",--,"89,000 ","89,000 ","89,000 ","89,000 ","1,251,825 ","1,251,825 ","1,251,825 ","1,251,825 ","1,251,825 ","1,251,825 ","1,251,825 ","1,251,825 ","1,251,825 ","1,251,825 ","3,009,923 ","3,009,923 ","3,009,923 ","3,009,923 ","3,009,923 ","3,009,923 ","3,009,923 ","3,009,923 ","3,009,923 ","3,009,923 ","3,009,923 ","3,009,923 ","3,009,923 ","3,009,923 ","4,044,923 ","4,044,923 ","4,044,923 ","4,044,923 ","4,044,923 ","4,044,923 ","4,044,923 ","4,044,923 ","4,044,923 ","4,044,923 ","4,044,923 ","4,044,923 ","5,762,723 ","5,762,723 ","5,762,723 ","5,762,723 ","5,762,723 ","5,762,723 ","5,762,723 ","5,762,723 ","5,762,723 ","5,762,723 ","5,762,723 ","5,762,723 ","5,762,723 ","5,762,723 "
Retained Earnings (Accumulated Deficit),"20,539 ","25,909 ","18,056 ","19,925 ","14,740 ","23,027 ","20,815 ","24,903 ","26,364 ","17,938 ","17,351 ","20,424 ","24,719 ","24,217 ","22,867 ","25,592 ","22,300 ","15,954 ","20,855 ","10,798 ","14,221 ","12,575 ","13,845 ","(4,012)","(11,111)","(22,721)","(19,468)","(1,126)","(9,548)","15,559 ","29,279 ","52,941 ","148,167 ","256,799 ","353,691 ","547,644 ","817,698 ","1,201,754 ","1,229,537 ","1,833,660 ","2,391,384 ","2,647,422 ","3,120,210 ","3,198,338 ","3,808,616 ","3,631,192 ","3,705,056 ","4,334,580 ","5,009,916 ","4,944,493 ","5,051,333 ","5,774,262 ","6,475,103 ","6,501,848 ","6,497,462 ","7,220,799 ","7,915,165 ","7,935,425 ","8,023,643 ","8,770,160 ","8,755,310 ","9,418,621 ","9,567,780 ","10,202,270 ","9,143,453 ","9,094,283 ","9,372,482 ","9,973,138 ","10,585,706 ","10,558,992 ","10,778,293 ","11,449,006 ","12,045,517 ","11,951,236 ","11,928,606 ","12,316,787 ","12,609,597 ","12,067,049 "
Unrealized Gain (Loss),--,--,--,--,--,--,--,--,--,--,--,--,--,--,--,--,--,--,--,--,--,--,--,--,--,--,--,--,--,--,--,--,--,--,--,--,--,"2,141 ","9,429 ","18,506 ","30,095 ","30,192 ","36,552 ","38,361 ","47,969 ","40,887 ","44,892 ","26,127 ","12,632 ","9,304 ","12,914 ","6,636 ","10,323 ","(3,654)","(10,123)","(3,957)","5,371 ","14,020 ","25,897 ","27,774 ",0 ,--,--,--,--,--,--,--,--,--,--,--,--,--,--,--,--,--
"Other Equity, Total",--,--,--,--,--,--,--,--,--,--,--,--,--,--,--,--,--,--,--,--,--,--,--,"(6,589)","(6,759)","(6,625)","(8,572)",--,--,--,--,--,--,--,--,0 ,--,--,--,--,--,--,--,--,--,--,--,--,--,--,--,--,--,--,--,--,--,--,--,--,--,0 ,0 ,0 ,--,--,--,--,--,--,--,--,80 ,"1,884 ","1,681 ",707 ,"1,197 ",757 
Other Equity,--,--,--,--,--,--,--,--,--,--,--,--,--,--,--,--,--,--,--,--,--,--,--,"(6,589)","(6,759)","(6,625)","(8,572)",--,--,--,--,--,--,--,--,0 ,--,--,--,--,--,--,--,--,--,--,--,--,--,--,--,--,--,--,--,--,--,--,--,--,--,0 ,0 ,0 ,--,--,--,--,--,--,--,--,--,--,--,707 ,"1,197 ",757 
Other Comprehensive Income,--,--,--,--,--,--,--,--,--,--,--,--,--,--,--,--,--,--,--,--,--,--,--,--,--,--,--,--,--,--,--,--,--,--,--,--,--,--,--,--,--,--,--,--,--,--,--,--,--,--,--,--,--,--,--,--,--,--,--,--,--,--,--,--,--,--,--,--,--,--,--,--,80 ,"1,884 ","1,681 ",--,--,--
Total Equity,"55,539 ","60,909 ","53,056 ","95,795 ","90,610 ","98,897 ","96,685 ","100,773 ","102,234 ","93,808 ","93,221 ","96,294 ","100,589 ","100,087 ","98,737 ","101,462 ","98,170 ","91,824 ","96,725 ","86,668 ","90,091 ","88,445 ","89,715 ","439,399 ","571,130 ","559,654 ","560,960 ","587,874 ","1,802,277 ","1,827,384 ","1,841,104 ","1,864,766 ","1,959,992 ","2,068,624 ","2,378,123 ","2,639,460 ","2,909,514 ","3,295,711 ","5,172,879 ","5,786,079 ","6,355,392 ","6,611,527 ","7,090,675 ","7,170,612 ","7,790,498 ","7,605,992 ","7,683,861 ","8,294,620 ","8,956,461 ","8,887,710 ","8,998,160 ","9,714,811 ","11,504,339 ","11,517,107 ","11,506,252 ","12,235,755 ","12,939,449 ","12,968,358 ","13,068,453 ","13,816,847 ","13,774,223 ","14,437,534 ","14,586,693 ","15,221,183 ","15,961,966 ","15,912,796 ","16,190,995 ","16,791,651 ","17,404,219 ","17,377,505 ","17,596,806 ","18,267,519 ","18,864,110 ","18,771,633 ","18,748,800 ","19,136,007 ","19,429,307 ","18,886,319 "
,,,,,,,,,,,,,,,,,,,,,,,,,,,,,,,,,,,,,,,,,,,,,,,,,,,,,,,,,,,,,,,,,,,,,,,,,,,,,,
Total Liabilities & Shareholders' Equity,"154,005 ","161,611 ","152,680 ","172,105 ","192,547 ","195,175 ","189,018 ","185,547 ","183,033 ","158,507 ","182,126 ","186,553 ","227,430 ","228,289 ","246,935 ","203,457 ","171,919 ","193,651 ","209,004 ","192,042 ","196,610 ","185,617 ","192,179 ","2,017,343 ","2,927,815 ","4,098,885 ","4,452,330 ","5,216,647 ","6,850,104 ","9,795,555 ","10,658,828 ","13,051,829 ","15,699,075 ","18,325,028 ","20,994,363 ","22,500,827 ","22,822,553 ","24,381,612 ","25,499,742 ","25,570,921 ","25,618,209 ","25,134,720 ","25,187,479 ","24,735,660 ","25,569,336 ","25,052,575 ","25,325,805 ","24,232,276 ","25,004,062 ","24,060,646 ","24,302,826 ","23,026,638 ","25,583,616 ","24,972,734 ","24,643,698 ","22,797,624 ","23,449,989 ","22,762,473 ","23,047,421 ","21,903,301 ","22,857,803 ","22,627,376 ","22,800,077 ","21,718,195 ","21,958,802 ","23,459,350 ","23,804,140 ","24,048,230 ","24,598,513 ","24,493,255 ","24,135,445 ","23,718,155 ","24,362,593 ","24,280,277 ","24,190,999 ","23,896,892 ","24,212,077 ","23,421,228 "
,,,,,,,,,,,,,,,,,,,,,,,,,,,,,,,,,,,,,,,,,,,,,,,,,,,,,,,,,,,,,,,,,,,,,,,,,,,,,,
Supplemental (THB Thousands),,,,,,,,,,,,,,,,,,,,,,,,,,,,,,,,,,,,,,,,,,,,,,,,,,,,,,,,,,,,,,,,,,,,,,,,,,,,,,
Total Common Shares Outstanding,"50,000 ","50,000 ","50,000 ","50,000 ","50,000 ","50,000 ","50,000 ","50,000 ","50,000 ","50,000 ","50,000 ","50,000 ","50,000 ","50,000 ","50,000 ","50,000 ","50,000 ","50,000 ","50,000 ","50,000 ","50,000 ","50,000 ","50,000 ","45,000 ","50,000 ","500,000 ","500,000 ","500,000 ","560,000 ","560,000 ","560,000 ","560,000 ","560,000 ","560,000 ","772,607 ","839,991 ","839,991 ","839,991 ","923,990 ","923,990 ","923,990 ","923,990 ","923,990 ","923,990 ","923,990 ","923,990 ","923,990 ","923,990 ","923,990 ","923,990 ","923,990 ","923,990 ","973,990 ","973,990 ","973,990 ","973,990 ","973,990 ","973,990 ","973,990 ","973,990 ","973,990 ","973,990 ","973,990 ","973,990 ","1,055,790 ","1,055,790 ","1,055,790 ","1,055,790 ","1,055,790 ","1,055,790 ","1,055,790 ","1,055,790 ","1,055,790 ","1,055,790 ","1,055,790 ","1,055,790 ","1,055,790 ","1,055,790 "
Shares Outs - Common Stock Primary Issue,"50,000 ","50,000 ","50,000 ","50,000 ","50,000 ","50,000 ","50,000 ","50,000 ","50,000 ","50,000 ","50,000 ","50,000 ","50,000 ","50,000 ","50,000 ","50,000 ","50,000 ","50,000 ","50,000 ","50,000 ","50,000 ","50,000 ","50,000 ","45,000 ","50,000 ","500,000 ","500,000 ","500,000 ","560,000 ","560,000 ","560,000 ","560,000 ","560,000 ","560,000 ","772,607 ","839,991 ","839,991 ","839,991 ","923,990 ","923,990 ","923,990 ","923,990 ","923,990 ","923,990 ","923,990 ","923,990 ","923,990 ","923,990 ","923,990 ","923,990 ","923,990 ","923,990 ","973,990 ","973,990 ","973,990 ","973,990 ","973,990 ","973,990 ","973,990 ","973,990 ","973,990 ","973,990 ","973,990 ","973,990 ","1,055,790 ","1,055,790 ","1,055,790 ","1,055,790 ","1,055,790 ","1,055,790 ","1,055,790 ","1,055,790 ","1,055,790 ","1,055,790 ","1,055,790 ","1,055,790 ","1,055,790 ","1,055,790 "
Treas Shares - Common Stock Prmry Issue,--,--,--,--,--,--,--,--,--,--,--,--,--,--,--,--,--,--,--,--,--,--,--,--,--,--,--,0 ,--,--,--,0 ,--,--,0 ,0 ,0 ,0 ,0 ,0 ,0 ,0 ,0 ,0 ,0 ,0 ,0 ,0 ,0 ,0 ,0 ,0 ,0 ,0 ,0 ,0 ,0 ,0 ,0 ,0 ,0 ,0 ,0 ,0 ,0 ,0 ,0 ,0 ,0 ,0 ,0 ,0 ,0 ,0 ,0 ,0 ,0 ,0 
Minority Interest - Non Redeemable,--,--,--,--,--,--,--,--,--,--,--,--,--,--,--,--,--,--,--,--,--,--,--,"167,074 ","264,349 ","393,289 ","464,210 ","572,074 ","607,938 ","622,450 ","681,686 ","723,872 ","765,659 ","807,240 ","918,060 ","873,660 ","1,022,208 ","1,176,425 ","1,233,896 ","1,314,409 ","1,387,172 ","1,390,401 ","1,394,035 ","1,299,745 ","1,379,961 ","1,405,238 ","1,422,447 ","1,471,270 ","1,552,910 ","1,546,507 ","1,456,493 ","1,493,389 ","1,572,817 ","1,572,308 ","1,602,652 ","1,644,899 ","1,733,564 ","1,710,252 ","1,742,156 ","1,787,316 ","1,806,359 ","1,836,733 ","1,849,064 ","1,934,558 ","1,894,093 ","2,535,675 ","2,544,731 ","2,555,221 ","2,552,558 ","2,551,898 ","2,708,176 ","2,706,333 ","2,760,615 ","2,745,813 ","2,729,611 ","2,712,397 ","2,720,974 ","2,692,646 "
Total Equity & Minority Interest,"55,539 ","60,909 ","53,056 ","95,795 ","90,610 ","98,897 ","96,685 ","100,773 ","102,234 ","93,808 ","93,221 ","96,294 ","100,589 ","100,087 ","98,737 ","101,462 ","98,170 ","91,824 ","96,725 ","86,668 ","90,091 ","88,445 ","89,715 ","606,473 ","835,479 ","952,943 ","1,025,170 ","1,159,948 ","2,410,215 ","2,449,834 ","2,522,790 ","2,588,638 ","2,725,651 ","2,875,864 ","3,296,183 ","3,513,120 ","3,931,722 ","4,472,136 ","6,406,775 ","7,100,488 ","7,742,564 ","8,001,928 ","8,484,710 ","8,470,357 ","9,170,459 ","9,011,230 ","9,106,308 ","9,765,890 ","10,509,371 ","10,434,217 ","10,454,653 ","11,208,200 ","13,077,156 ","13,089,415 ","13,108,904 ","13,880,654 ","14,673,013 ","14,678,610 ","14,810,609 ","15,604,163 ","15,580,582 ","16,274,267 ","16,435,757 ","17,155,741 ","17,856,059 ","18,448,471 ","18,735,726 ","19,346,872 ","19,956,777 ","19,929,403 ","20,304,982 ","20,973,852 ","21,624,725 ","21,517,446 ","21,478,411 ","21,848,404 ","22,150,281 ","21,578,965 "
Full-Time Employees,--,--,--,64 ,--,--,--,74 ,--,--,--,--,--,--,--,80 ,--,--,--,86 ,--,--,--,93 ,--,--,--,118 ,--,--,--,--,--,--,--,--,--,--,--,--,--,--,--,--,--,--,--,--,--,--,--,--,--,--,--,--,--,--,--,--,--,--,--,--,--,--,--,--,--,--,--,--,--,--,--,--,--,--
Other Property/Plant/Equipment - Net,"42,831 ","56,450 ","61,889 ","60,197 ","59,290 ","58,852 ","58,301 ","67,241 ","73,596 ","72,681 ","77,345 ",--,"93,247 ","92,555 ","90,379 ",--,"86,635 ","84,621 ","82,744 ",--,"78,961 ","80,069 ","78,259 ","1,764,374 ","1,969,784 ","3,217,315 ","3,422,384 ","4,070,894 ","5,257,113 ","8,461,484 ","9,183,582 ","11,147,901 ","13,616,096 ","16,061,356 ","17,940,452 ","18,937,045 ","19,045,057 ","18,979,058 ","18,920,312 ","18,779,094 ","18,634,618 ","18,484,424 ","18,467,195 ","18,314,469 ","18,158,456 ","18,054,092 ","17,898,612 ","17,743,670 ","17,589,362 ","17,476,664 ","17,330,334 ","17,149,953 ","17,018,797 ","16,854,993 ","16,660,858 ","16,458,438 ","16,294,521 ","16,124,641 ","15,964,294 ","15,800,320 ","15,736,195 ","15,567,089 ","15,409,029 ","15,263,510 ","16,242,053 ","17,248,335 ","17,352,027 ","17,318,004 ","17,147,218 ","17,062,841 ","16,903,111 ","16,746,850 ","16,655,275 ","16,527,412 ","16,377,067 ","16,231,443 ","16,078,604 ","15,909,271 "
Intangibles - Net,--,--,--,--,--,--,--,"1,019 ",962 ,905 ,849 ,--,191 ,180 ,168 ,--,483 ,452 ,424 ,--,447 ,415 ,382 ,338 ,678 ,682 ,846 ,782 ,"3,476 ","4,039 ","5,248 ","5,130 ","8,520 ","10,927 ","12,088 ","71,263 ","71,449 ","75,901 ","83,092 ","81,727 ","80,378 ","80,297 ","78,934 ","104,953 ","91,760 ","89,981 ","98,305 ","107,562 ","105,402 ","103,293 ","101,352 ","99,330 ","97,488 ","96,156 ","96,023 ","94,682 ","94,894 ","101,313 ","102,291 ","101,361 ","98,867 ","97,970 ","97,030 ","94,488 ","93,132 ","90,500 ","87,747 ","84,930 ","82,149 ","79,986 ","77,208 ","75,219 ","72,604 ","69,951 ","67,428 ","64,790 ","62,269 ","60,018 "
Goodwill - Net,--,--,--,--,--,--,--,--,--,--,--,--,--,--,--,--,--,--,--,--,--,--,--,--,"11,286 ","11,286 ","11,286 ","11,286 ","11,286 ","11,286 ","11,286 ","11,286 ","11,286 ","11,286 ","11,286 ","11,286 ","11,286 ","11,286 ","11,286 ","11,286 ","11,286 ","11,286 ","11,286 ",--,"11,286 ","11,286 ","11,286 ",--,--,--,--,--,--,--,--,--,--,--,--,--,--,--,--,--,--,--,--,--,--,--,--,--,--,--,--,--,--,--
"Accumulated Intangible Amort, Suppl.",--,--,--,--,--,--,--,--,--,--,--,369 ,--,--,--,83 ,--,--,--,301 ,--,--,--,--,--,--,--,--,--,--,--,--,--,--,--,--,--,--,--,--,--,--,--,--,--,--,--,--,--,--,--,--,--,--,--,--,--,--,--,--,--,--,--,--,--,--,--,--,--,--,--,--,--,--,--,--,--,--
Deferred Revenue - Current,"17,412 ","13,375 ","3,689 ","3,187 ","4,128 ","4,668 ","5,990 ","1,314 ",956 ,"1,597 ","1,965 ","2,236 ","3,705 ","6,604 ","12,605 ","4,343 ","6,218 ","9,681 ","7,621 ","10,434 ","5,599 ","8,594 ","7,644 ",--,"21,402 ","22,801 ","13,908 ",--,"14,044 ","11,513 ","82,693 ","46,957 ","10,956 ","9,302 ","91,303 ","60,777 ","21,311 ","36,907 ","78,083 ","83,907 ","10,289 ","11,761 ","25,083 ",--,--,--,--,--,--,--,--,"71,090 ","55,856 ","69,263 ","37,586 ","30,598 ","32,460 ","37,933 ","54,754 ","13,702 ",527 ,787 ,973 ,"11,333 ","36,185 ",--,--,--,--,--,--,--,--,--,--,--,--,--
"Curr. Port. of LT Capital Leases, Suppl.",--,--,--,--,--,--,--,--,--,--,--,--,--,--,--,--,--,--,--,--,--,--,--,--,--,--,--,"3,099 ",--,--,--,"2,630 ",--,--,"2,891 ","4,961 ","4,999 ","4,935 ","4,636 ","4,107 ","2,412 ","1,861 ","1,932 ","1,914 ","1,314 ","1,349 ","1,095 ","1,352 ","1,242 ","1,220 ","1,144 ","1,392 ","1,135 ",941 ,743 ,715 ,686 ,667 ,679 ,691 ,"18,634 ","20,201 ","16,417 ","21,100 ","21,079 ","20,945 ","20,820 ","20,679 ","20,706 ","20,726 ","20,747 ","20,844 ","20,413 ","21,046 ","21,168 ","23,588 ","20,710 ","17,377 "
Total Current Assets less Inventory,"56,078 ","62,847 ","72,039 ","84,541 ","98,424 ","94,987 ","83,544 ","81,654 ","83,932 ","58,596 ","76,231 ","70,611 ","85,391 ","82,495 ","80,886 ","65,291 ","62,830 ","82,971 ","86,010 ","66,371 ","79,630 ","74,844 ","72,624 ","119,881 ","236,273 ","413,566 ","459,315 ","694,460 ","1,313,070 ","955,414 ","905,648 ","1,240,487 ","1,193,359 ","1,176,960 ","1,635,293 ","1,521,058 ","1,591,531 ","2,865,303 ","4,075,362 ","4,338,265 ","4,511,567 ","4,023,945 ","4,180,893 ","4,770,565 ","5,604,421 ","5,170,345 ","5,510,836 ","4,438,561 ","4,623,358 ","3,393,936 ","3,451,299 ","3,462,444 ","5,124,174 ","4,314,915 ","4,025,480 ","3,351,001 ","4,348,138 ","4,780,624 ","5,200,006 ","4,252,011 ","4,703,136 ","4,081,920 ","4,501,228 ","3,641,200 ","2,928,143 ","3,494,650 ","3,618,822 ","4,009,751 ","4,736,738 ","4,661,306 ","4,580,746 ","4,402,544 ","5,184,525 ","5,345,025 ","5,394,197 ","5,312,691 ","5,750,116 ","5,174,243 "
Net Debt Incl. Pref.Stock & Min.Interest,"9,829 ","21,067 ","28,305 ","(10,067)","(20,459)","(1,056)","1,818 ","(8,160)","(10,010)","(1,894)","(13,285)",120 ,"(1,743)","21,626 ","15,836 ","16,206 ","18,782 ","5,096 ","8,738 ","22,264 ","14,162 ","9,536 ","(12,518)","508,370 ","731,237 ","1,484,048 ","2,547,467 ","3,230,414 ","2,826,103 ","3,610,610 ","6,035,235 ","8,823,055 ","9,629,071 ","12,228,567 ","14,948,104 ","17,231,419 ","18,613,810 ","18,623,299 ","16,985,224 ","16,494,402 ","15,959,151 ","15,438,217 ","14,757,341 ","13,386,477 ","12,712,728 ","12,689,824 ","12,625,466 ","11,417,233 ","11,490,643 ","12,314,005 ","12,269,325 ","10,322,266 ","9,440,274 ","10,062,186 ","9,672,531 ","7,920,355 ","6,863,332 ","5,711,717 ","5,357,387 ","4,506,261 ","4,190,310 ","4,689,843 ","4,246,738 ","3,610,119 ","3,640,388 ","4,676,995 ","4,459,862 ","3,911,173 ","2,892,977 ","2,772,783 ","2,473,900 ","1,669,663 ","883,294 ","750,332 ","380,228 ","(174,075)","(671,810)","(429,066)"
"Tangible Book Value, Common Equity","55,539 ","60,909 ","53,056 ","95,795 ","90,610 ","98,897 ","96,685 ","99,754 ","101,272 ","92,903 ","92,372 ","95,299 ","100,398 ","99,907 ","98,569 ","100,949 ","97,687 ","91,372 ","96,301 ","86,188 ","89,644 ","88,030 ","89,333 ","439,061 ","559,166 ","547,686 ","548,828 ","575,806 ","1,787,515 ","1,812,059 ","1,824,570 ","1,848,350 ","1,940,186 ","2,046,411 ","2,354,749 ","2,556,911 ","2,826,779 ","3,208,524 ","5,078,501 ","5,693,066 ","6,263,728 ","6,519,944 ","7,000,455 ","7,065,659 ","7,687,452 ","7,504,725 ","7,574,270 ","8,187,058 ","8,851,059 ","8,784,417 ","8,896,808 ","9,615,481 ","11,406,851 ","11,420,951 ","11,410,229 ","12,141,073 ","12,844,555 ","12,867,045 ","12,966,162 ","13,715,486 ","13,675,356 ","14,339,564 ","14,489,663 ","15,126,695 ","15,868,834 ","15,822,296 ","16,103,248 ","16,706,721 ","17,322,070 ","17,297,519 ","17,519,598 ","18,192,300 ","18,791,506 ","18,701,682 ","18,681,372 ","19,071,217 ","19,367,038 ","18,826,301 "
"Debt & Lease, Pension Items (THB Thousands)",,,,,,,,,,,,,,,,,,,,,,,,,,,,,,,,,,,,,,,,,,,,,,,,,,,,,,,,,,,,,,,,,,,,,,,,,,,,,,
"Total Capital Leases, Supplemental",--,--,--,--,--,--,--,--,--,--,--,"5,302 ",--,--,--,"4,600 ","4,210 ","3,866 ",--,"3,225 ","2,893 ","4,375 ","4,048 ","5,762 ","13,777 ","15,002 ","14,292 ",--,--,--,--,--,--,--,--,"15,923 ",--,--,--,--,--,--,--,--,--,--,--,--,--,--,--,--,--,--,--,--,--,--,--,--,--,--,--,--,--,--,--,--,--,--,--,--,--,--,--,--,--,--
Capital Lease Payments Due in Year 1,--,--,--,--,--,--,--,--,--,--,--,"1,504 ",--,--,--,929 ,828 ,864 ,--,"1,593 ","1,462 ","1,913 ","1,842 ","1,639 ","3,644 ","4,483 ","4,431 ",--,--,--,--,--,--,--,--,"4,961 ",--,--,--,--,--,--,--,--,--,--,--,--,--,--,--,--,--,--,--,--,--,--,--,--,--,--,--,--,--,--,--,--,--,--,--,--,--,--,--,--,--,--
Capital Lease Payments Due in Year 2,--,--,--,--,--,--,--,--,--,--,--,"1,266 ",--,--,--,"1,224 ","1,127 ","1,001 ",--,544 ,477 ,821 ,735 ,"1,374 ","3,378 ","3,506 ","3,287 ",--,--,--,--,--,--,--,--,"2,741 ",--,--,--,--,--,--,--,--,--,--,--,--,--,--,--,--,--,--,--,--,--,--,--,--,--,--,--,--,--,--,--,--,--,--,--,--,--,--,--,--,--,--
Capital Lease Payments Due in Year 3,--,--,--,--,--,--,--,--,--,--,--,"1,266 ",--,--,--,"1,224 ","1,127 ","1,001 ",--,544 ,477 ,821 ,735 ,"1,374 ","3,378 ","3,506 ","3,287 ",--,--,--,--,--,--,--,--,"2,741 ",--,--,--,--,--,--,--,--,--,--,--,--,--,--,--,--,--,--,--,--,--,--,--,--,--,--,--,--,--,--,--,--,--,--,--,--,--,--,--,--,--,--
Capital Lease Payments Due in Year 4,--,--,--,--,--,--,--,--,--,--,--,"1,266 ",--,--,--,"1,224 ","1,127 ","1,001 ",--,544 ,477 ,821 ,735 ,"1,374 ","3,378 ","3,506 ","3,287 ",--,--,--,--,--,--,--,--,"2,741 ",--,--,--,--,--,--,--,--,--,--,--,--,--,--,--,--,--,--,--,--,--,--,--,--,--,--,--,--,--,--,--,--,--,--,--,--,--,--,--,--,--,--
Capital Lease Payments Due in Year 5,--,--,--,--,--,--,--,--,--,--,--,--,--,--,--,--,--,--,--,--,--,--,--,--,--,--,--,--,--,--,--,--,--,--,--,"2,741 ",--,--,--,--,--,--,--,--,--,--,--,--,--,--,--,--,--,--,--,--,--,--,--,--,--,--,--,--,--,--,--,--,--,--,--,--,--,--,--,--,--,--
Capital Lease Payments Due in 2-3 Years,--,--,--,--,--,--,--,--,--,--,--,"2,532 ",--,--,--,"2,447 ","2,255 ","2,001 ",--,"1,088 ",954 ,"1,641 ","1,471 ","2,749 ","6,755 ","7,013 ","6,574 ",--,--,--,--,--,--,--,--,"5,481 ",--,--,--,--,--,--,--,--,--,--,--,--,--,--,--,--,--,--,--,--,--,--,--,--,--,--,--,--,--,--,--,--,--,--,--,--,--,--,--,--,--,--
Capital Lease Payments Due in 4-5 Years,--,--,--,--,--,--,--,--,--,--,--,"1,266 ",--,--,--,"1,224 ","1,127 ","1,001 ",--,544 ,477 ,821 ,735 ,"1,374 ","3,378 ","3,506 ","3,287 ",--,--,--,--,--,--,--,--,"5,481 ",--,--,--,--,--,--,--,--,--,--,--,--,--,--,--,--,--,--,--,--,--,--,--,--,--,--,--,--,--,--,--,--,--,--,--,--,--,--,--,--,--,--
"Total Operating Leases, Supplemental",--,--,--,--,--,--,--,--,--,--,--,--,--,--,--,--,--,--,--,--,--,--,--,--,--,--,--,--,--,--,--,--,--,--,--,--,--,--,--,--,--,--,--,--,"20,270 ",868 ,"1,030 ","2,837 ","3,105 ","2,981 ","2,532 ","4,304 ","7,877 ","7,432 ","6,261 ","5,290 ","6,276 ","4,967 ","6,285 ","7,621 ",--,--,--,--,--,--,--,--,--,--,--,--,--,--,--,--,--,--
Operating Lease Payments Due in Year 1,--,--,--,--,--,--,--,--,--,--,--,--,--,--,--,--,--,--,--,--,--,--,--,--,--,--,--,--,--,--,--,--,--,--,--,--,--,--,--,--,--,--,--,--,"8,108 ",868 ,"1,030 ","1,069 ","1,309 ","1,473 ","1,312 ","2,134 ","4,052 ","4,198 ","3,779 ","3,358 ","4,041 ","3,181 ","3,640 ","4,028 ",--,--,--,--,--,--,--,--,--,--,--,--,--,--,--,--,--,--
Operating Lease Payments Due in Year 2,--,--,--,--,--,--,--,--,--,--,--,--,--,--,--,--,--,--,--,--,--,--,--,--,--,--,--,--,--,--,--,--,--,--,--,--,--,--,--,--,--,--,--,--,"3,041 ",0 ,0 ,442 ,449 ,377 ,305 ,543 ,956 ,809 ,621 ,483 ,559 ,447 ,661 ,898 ,--,--,--,--,--,--,--,--,--,--,--,--,--,--,--,--,--,--
Operating Lease Payments Due in Year 3,--,--,--,--,--,--,--,--,--,--,--,--,--,--,--,--,--,--,--,--,--,--,--,--,--,--,--,--,--,--,--,--,--,--,--,--,--,--,--,--,--,--,--,--,"3,041 ",0 ,0 ,442 ,449 ,377 ,305 ,543 ,956 ,809 ,621 ,483 ,559 ,447 ,661 ,898 ,--,--,--,--,--,--,--,--,--,--,--,--,--,--,--,--,--,--
Operating Lease Payments Due in Year 4,--,--,--,--,--,--,--,--,--,--,--,--,--,--,--,--,--,--,--,--,--,--,--,--,--,--,--,--,--,--,--,--,--,--,--,--,--,--,--,--,--,--,--,--,"3,041 ",0 ,0 ,442 ,449 ,377 ,305 ,543 ,956 ,809 ,621 ,483 ,559 ,447 ,661 ,898 ,--,--,--,--,--,--,--,--,--,--,--,--,--,--,--,--,--,--
Operating Lease Payments Due in Year 5,--,--,--,--,--,--,--,--,--,--,--,--,--,--,--,--,--,--,--,--,--,--,--,--,--,--,--,--,--,--,--,--,--,--,--,--,--,--,--,--,--,--,--,--,"3,041 ",0 ,0 ,442 ,449 ,377 ,305 ,543 ,956 ,809 ,621 ,483 ,559 ,447 ,661 ,898 ,--,--,--,--,--,--,--,--,--,--,--,--,--,--,--,--,--,--
Operating Lease Pymts. Due in 2-3 Years,--,--,--,--,--,--,--,--,--,--,--,--,--,--,--,--,--,--,--,--,--,--,--,--,--,--,--,--,--,--,--,--,--,--,--,--,--,--,--,--,--,--,--,--,"6,081 ",0 ,0 ,884 ,898 ,754 ,610 ,"1,085 ","1,913 ","1,617 ","1,241 ",966 ,"1,118 ",893 ,"1,323 ","1,797 ",--,--,--,--,--,--,--,--,--,--,--,--,--,--,--,--,--,--
Operating Lease Pymts. Due in 4-5 Years,--,--,--,--,--,--,--,--,--,--,--,--,--,--,--,--,--,--,--,--,--,--,--,--,--,--,--,--,--,--,--,--,--,--,--,--,--,--,--,--,--,--,--,--,"6,081 ",0 ,0 ,884 ,898 ,754 ,610 ,"1,085 ","1,913 ","1,617 ","1,241 ",966 ,"1,118 ",893 ,"1,323 ","1,797 ",--,--,--,--,--,--,--,--,--,--,--,--,--,--,--,--,--,--
Oper. Lse. Pymts. Due in Year 6 & Beyond,--,--,--,--,--,--,--,--,--,--,--,--,--,--,--,--,--,--,--,--,--,--,--,--,--,--,--,--,--,--,--,--,--,--,--,--,--,--,--,--,--,--,--,--,0 ,0 ,0 ,0 ,0 ,0 ,0 ,0 ,0 ,0 ,0 ,0 ,0 ,0 ,0 ,0 ,--,--,--,--,--,--,--,--,--,--,--,--,--,--,--,--,--,--
Period End Assumptions,--,--,--,--,--,--,--,--,--,--,--,--,--,--,--,--,--,--,--,--,--,--,--,--,--,--,--,--,--,--,--,--,--,--,--,--,--,--,--,--,--,--,--,--,--,--,--,--,--,--,--,--,--,--,--,--,--,--,--,--,--,--,--,--,--,--,--,--,--,--,--,--,--,--,--,--,--,--
Discount Rate - Domestic,--,--,--,--,--,--,--,--,--,--,--,--,--,--,--,--,--,--,--,--,--,--,--,--,4.21%,4.21%,4.21%,--,--,--,--,--,--,--,--,--,--,--,--,--,--,--,--,--,--,--,--,--,--,--,--,--,--,--,--,--,--,--,--,--,--,--,--,--,--,--,--,--,--,--,--,--,--,--,--,--,--,--
Compensation Rate - Domestic,--,--,--,--,--,--,--,--,--,--,--,--,--,--,--,--,--,--,--,--,--,--,--,--,15.45%,15.45%,15.45%,--,--,--,--,--,--,--,--,--,--,--,--,--,--,--,--,--,--,--,--,--,--,--,--,--,--,--,--,--,--,--,--,--,--,--,--,--,--,--,--,--,--,--,--,--,--,--,--,--,--,--
Net Assets Recognized on Balance Sheet,--,--,--,--,--,--,--,--,--,--,--,--,--,--,--,--,--,--,--,--,--,--,--,0 ,"(2,352)","(2,804)","(3,258)",--,"(3,940)","(4,186)","(4,424)","(4,629)","(4,740)","(4,912)","(5,105)","(4,609)","(4,832)","(5,055)","(5,278)",--,--,--,--,--,--,--,--,--,--,--,--,--,--,--,--,--,--,--,--,--,--,--,--,--,--,--,--,--,--,--,--,--,--,--,--,--,--,--
Accrued Liabilities - Domestic,--,--,--,--,--,--,--,--,--,--,--,--,--,--,--,--,--,--,--,--,--,--,--,0 ,"(2,352)","(2,804)","(3,258)",--,"(3,940)","(4,186)","(4,424)","(4,629)","(4,740)","(4,912)","(5,105)","(4,609)","(4,832)","(5,055)","(5,278)",--,--,--,--,--,--,--,--,--,--,--,--,--,--,--,--,--,--,--,--,--,--,--,--,--,--,--,--,--,--,--,--,--,--,--,--,--,--,--
