SPCG PCL | Cash Flow                                25-Sep-2024 16:33,,,,,,,,,,,,,,,,,,,,,,,,,,,,,,,,,,,,,,,,,,,,,,,,,,,,,,,,,,,,,,,,,,,,,,,,,,,,,,,,,
,,,,,,,,,,,,,,,,,,,,,,,,,,,,,,,,,,,,,,,,,,,,,,,,,,,,,,,,,,,,,,,,,,,,,,,,,,,,,,,,,
Cash Flow,,,,,,,,,,,,,,,,,,,,,,,,,,,,,,,,,,,,,,,,,,,,,,,,,,,,,,,,,,,,,,,,,,,,,,,,,,,,,,,,,
Quarterly-YTD Standardised in Thousands of Thai Baht,,,,,,,,,,,,,,,,,,,,,,,,,,,,,,,,,,,,,,,,,,,,,,,,,,,,,,,,,,,,,,,,,,,,,,,,,,,,,,,,,
,2004,,,2005,,,,2006,,,,2007,,,,2008,,,,2009,,,,2010,,,,2011,,,,2012,,,,2013,,,,2014,,,,2015,,,,2016,,,,2017,,,,2018,,,,2019,,,,2020,,,,2021,,,,2022,,,,2023,,,,2024,
, Mar-2004, Sep-2004, Dec-2004, Mar-2005, Jun-2005, Sep-2005, Dec-2005, Mar-2006, Jun-2006, Sep-2006, Dec-2006, Mar-2007, Jun-2007, Sep-2007, Dec-2007, Mar-2008, Jun-2008, Sep-2008, Dec-2008, Mar-2009, Jun-2009, Sep-2009, Dec-2009, Mar-2010, Jun-2010, Sep-2010, Dec-2010, Mar-2011, Jun-2011, Sep-2011, Dec-2011, Mar-2012, Jun-2012, Sep-2012, Dec-2012, Mar-2013, Jun-2013, Sep-2013, Dec-2013, Mar-2014, Jun-2014, Sep-2014, Dec-2014, Mar-2015, Jun-2015, Sep-2015, Dec-2015, Mar-2016, Jun-2016, Sep-2016, Dec-2016, Mar-2017, Jun-2017, Sep-2017, Dec-2017, Mar-2018, Jun-2018, Sep-2018, Dec-2018, Mar-2019, Jun-2019, Sep-2019, Dec-2019, Mar-2020, Jun-2020, Sep-2020, Dec-2020, Mar-2021, Jun-2021, Sep-2021, Dec-2021, Mar-2022, Jun-2022, Sep-2022, Dec-2022, Mar-2023, Jun-2023, Sep-2023, Dec-2023, Mar-2024, Jun-2024
Earnings Quality Score,N/A ,N/A ,N/A ,N/A ,N/A ,N/A ,N/A ,N/A ,N/A ,N/A ,N/A ,N/A ,N/A ,N/A ,N/A ,N/A ,N/A ,N/A ,N/A ,N/A ,N/A ,N/A ,N/A ,N/A ,N/A ,N/A ,N/A ,N/A ,N/A ,N/A ,N/A ,N/A ,N/A ,N/A ,N/A ,N/A ,N/A ,N/A ,N/A ,N/A ,4 ,15 ,38 ,76 ,82 ,84 ,90 ,89 ,87 ,87 ,90 ,88 ,79 ,73 ,80 ,80 ,80 ,85 ,70 ,81 ,89 ,89 ,90 ,94 ,82 ,82 ,75 ,45 ,43 ,37 ,33 ,51 ,67 ,69 ,80 ,79 ,85 ,85 ,79 ,72 ,63 
Period End Date,31-Mar-2004 ,30-Sep-2004 ,31-Dec-2004 ,31-Mar-2005 ,30-Jun-2005 ,30-Sep-2005 ,31-Dec-2005 ,31-Mar-2006 ,30-Jun-2006 ,30-Sep-2006 ,31-Dec-2006 ,31-Mar-2007 ,30-Jun-2007 ,30-Sep-2007 ,31-Dec-2007 ,31-Mar-2008 ,30-Jun-2008 ,30-Sep-2008 ,31-Dec-2008 ,31-Mar-2009 ,30-Jun-2009 ,30-Sep-2009 ,31-Dec-2009 ,31-Mar-2010 ,30-Jun-2010 ,30-Sep-2010 ,31-Dec-2010 ,31-Mar-2011 ,30-Jun-2011 ,30-Sep-2011 ,31-Dec-2011 ,31-Mar-2012 ,30-Jun-2012 ,30-Sep-2012 ,31-Dec-2012 ,31-Mar-2013 ,30-Jun-2013 ,30-Sep-2013 ,31-Dec-2013 ,31-Mar-2014 ,30-Jun-2014 ,30-Sep-2014 ,31-Dec-2014 ,31-Mar-2015 ,30-Jun-2015 ,30-Sep-2015 ,31-Dec-2015 ,31-Mar-2016 ,30-Jun-2016 ,30-Sep-2016 ,31-Dec-2016 ,31-Mar-2017 ,30-Jun-2017 ,30-Sep-2017 ,31-Dec-2017 ,31-Mar-2018 ,30-Jun-2018 ,30-Sep-2018 ,31-Dec-2018 ,31-Mar-2019 ,30-Jun-2019 ,30-Sep-2019 ,31-Dec-2019 ,31-Mar-2020 ,30-Jun-2020 ,30-Sep-2020 ,31-Dec-2020 ,31-Mar-2021 ,30-Jun-2021 ,30-Sep-2021 ,31-Dec-2021 ,31-Mar-2022 ,30-Jun-2022 ,30-Sep-2022 ,31-Dec-2022 ,31-Mar-2023 ,30-Jun-2023 ,30-Sep-2023 ,31-Dec-2023 ,31-Mar-2024 ,30-Jun-2024 
Cash Flow-Operating Activities (THB Thousands),,,,,,,,,,,,,,,,,,,,,,,,,,,,,,,,,,,,,,,,,,,,,,,,,,,,,,,,,,,,,,,,,,,,,,,,,,,,,,,,,
Net Income/Starting Line,"2,027 ","12,946 ","19,140 ","5,370 ","7,454 ","15,017 ","16,886 ","5,815 ","14,102 ","21,890 ","25,977 ","1,461 ","3,035 ","4,948 ","8,021 ","4,295 ","14,637 ","22,568 ","26,433 ","(3,292)","(3,638)","5,147 ","5,285 ","4,383 ","12,778 ","19,438 ","12,509 ","4,590 ","3,887 ","12,840 ","46,578 ","39,243 ","91,637 ","149,257 ","208,920 ","186,376 ","343,242 ","475,603 ","708,428 ","309,168 ","706,863 ","1,206,461 ","1,880,272 ","630,465 ","1,380,438 ","1,923,146 ","2,465,021 ","690,389 ","1,339,572 ","1,910,036 ","2,617,467 ","756,758 ","1,415,222 ","2,025,506 ","2,822,105 ","780,232 ","1,517,076 ","2,112,778 ","2,923,582 ","782,949 ","1,520,094 ","2,168,689 ","3,011,258 ","837,767 ","1,584,253 ","2,351,481 ","3,062,373 ","782,301 ","1,483,640 ","2,082,236 ","2,736,531 ","666,133 ","1,254,141 ","1,759,121 ","2,464,342 ","646,216 ","1,239,742 ","1,561,222 ","1,973,927 ","358,434 ","522,466 "
Depreciation/Depletion,762 ,"2,466 ","3,447 ",922 ,"1,904 ","3,172 ","4,430 ","1,201 ","2,494 ","3,795 ","5,064 ","1,635 ","3,313 ","4,970 ","6,622 ","1,968 ","4,132 ","6,335 ","8,521 ","2,120 ","4,219 ","6,257 ","8,290 ","1,988 ","4,990 ","11,369 ","8,137 ","9,231 ","26,802 ","47,255 ","75,584 ","30,234 ","69,994 ","115,566 ","162,144 ","71,542 ","150,084 ","244,955 ","345,735 ","107,604 ","243,852 ","405,150 ","566,271 ","158,681 ","318,947 ","481,110 ","643,192 ","160,093 ","320,105 ","481,994 ","644,166 ","157,752 ","315,428 ","479,123 ","642,804 ","160,415 ","322,506 ","486,351 ","689,410 ","168,202 ","336,133 ","502,047 ","668,369 ","170,433 ","341,180 ","510,787 ","677,247 ","164,437 ","330,381 ","497,964 ","665,359 ","163,443 ","328,232 ","493,258 ","657,852 ","160,714 ","323,424 ","487,691 ","652,016 ","162,982 ","325,682 "
Depreciation,762 ,"2,466 ","3,447 ",922 ,"1,904 ","3,172 ","4,430 ","1,201 ","2,494 ","3,795 ","5,064 ","1,635 ","3,313 ","4,970 ","6,622 ","1,968 ","4,132 ","6,335 ","8,521 ","2,120 ","4,219 ","6,257 ","8,290 ","1,988 ","4,990 ","11,369 ","8,137 ","9,231 ","26,802 ","47,255 ","75,584 ","30,234 ","69,994 ","115,566 ","162,144 ","71,542 ","150,084 ","244,955 ","345,735 ","107,604 ","243,852 ","405,150 ","566,271 ","158,681 ","318,947 ","481,110 ","643,192 ","160,093 ","320,105 ","481,994 ","644,166 ","157,752 ","315,428 ","479,123 ","642,804 ","160,415 ","322,506 ","486,351 ","689,410 ","168,202 ","336,133 ","502,047 ","668,369 ","170,433 ","341,180 ","510,787 ","677,247 ","164,437 ","330,381 ","497,964 ","665,359 ","163,443 ","328,232 ","493,258 ","657,852 ","160,714 ","323,424 ","487,691 ","652,016 ","162,982 ","325,682 "
Amortization,--,--,--,--,--,--,--,--,--,--,113 ,57 ,114 ,170 ,235 ,12 ,23 ,35 ,54 ,29 ,60 ,88 ,118 ,33 ,10 ,30 ,130 ,20 ,73 ,130 ,194 ,93 ,200 ,446 ,711 ,228 ,512 ,874 ,"1,252 ",987 ,"2,023 ","3,373 ","4,738 ",--,--,--,--,--,--,--,--,--,--,--,--,--,--,--,--,--,--,--,--,--,--,--,--,--,--,--,--,--,--,--,--,--,--,--,--,--,--
Amortization of Intangibles,--,--,--,--,--,--,--,--,--,--,113 ,57 ,114 ,170 ,235 ,12 ,23 ,35 ,54 ,29 ,60 ,88 ,118 ,33 ,10 ,30 ,130 ,20 ,73 ,130 ,194 ,93 ,200 ,446 ,711 ,228 ,512 ,874 ,"1,252 ",987 ,"2,023 ","3,373 ","4,738 ",--,--,--,--,--,--,--,--,--,--,--,--,--,--,--,--,--,--,--,--,--,--,--,--,--,--,--,--,--,--,--,--,--,--,--,--,--,--
Non-Cash Items,358 ,704 ,585 ,"4,048 ","3,662 ","3,775 ","4,248 ",29 ,992 ,"2,514 ","3,505 ","1,540 ",543 ,"1,068 ","2,451 ","3,250 ","2,913 ","4,112 ","6,119 ",328 ,739 ,"2,041 ","2,938 ",624 ,"1,637 ",(660),"3,855 ","5,345 ","42,873 ","68,160 ","1,661,003 ","39,927 ","83,498 ","96,244 ","168,610 ","74,516 ","153,587 ","412,145 ","596,030 ","209,852 ","479,845 ","739,933 ","980,693 ","223,506 ","370,925 ","594,481 ","802,196 ","191,239 ","355,870 ","537,508 ","696,014 ","126,321 ","259,521 ","404,983 ","564,692 ","137,379 ","271,990 ","394,209 ","520,981 ","96,273 ","188,520 ","276,970 ","371,621 ","92,232 ","163,493 ","219,072 ","245,008 ","56,395 ","99,770 ","165,998 ","251,044 ","71,459 ","128,148 ","215,742 ","322,302 ","88,903 ","154,904 ","191,687 ","243,289 ","40,651 ","71,160 "
Unusual Items,880 ,706 ,533 ,"3,040 ","2,436 ","2,452 ","2,488 ",0 ,14 ,15 ,14 ,(376),(887),(977),(955),594 ,618 ,618 ,"1,396 ",101 ,105 ,105 ,97 ,11 ,(270),(528),169 ,"1,271 ","1,222 ","1,452 ","1,440,628 ",773 ,"2,724 ","2,161 ","(7,342)",536 ,"1,223 ","1,684 ","2,735 ","1,335 ","10,237 ","14,604 ","13,190 ",(173),"(3,718)","8,968 ",(862),"(1,391)","(20,057)","(26,689)","(61,152)","(28,083)","(42,538)","(50,029)","(68,930)","(2,172)","(6,770)","(10,912)","(10,486)","(1,894)","(8,317)","(13,324)","(30,102)","13,202 ","(29,711)","(51,869)","(58,377)","(15,349)","(30,435)","(41,514)","(9,405)","37,667 ","52,933 ","(60,696)","(56,552)","(7,528)","(7,285)","(15,067)","(9,967)","(7,441)","1,844 "
Equity in Net Earnings (Loss),--,(404),(404),--,--,--,0 ,--,--,--,--,--,--,--,--,--,--,--,--,--,--,--,--,--,--,--,--,--,--,0 ,0 ,--,--,101 ,"1,759 ","(1,702)","1,027 ","(7,875)","(18,606)",324 ,656 ,851 ,677 ,350 ,722 ,836 ,"1,068 ",385 ,775 ,"1,039 ",611 ,246 ,(8),(8),919 ,64 ,64 ,64 ,64 ,0 ,0 ,0 ,24 ,(176),868 ,829 ,"2,004 ",--,--,--,0 ,--,--,--,--,--,--,--,--,--,--
Other Non-Cash Items,(522),402 ,456 ,"1,008 ","1,226 ","1,323 ","1,760 ",29 ,978 ,"2,499 ","3,491 ","1,916 ","1,430 ","2,045 ","3,406 ","2,656 ","2,295 ","3,494 ","4,723 ",227 ,634 ,"1,936 ","2,841 ",613 ,"1,907 ",(132),"3,686 ","4,074 ","41,651 ","66,708 ","220,375 ","39,154 ","80,774 ","93,982 ","174,193 ","75,682 ","151,337 ","418,336 ","611,901 ","208,193 ","468,952 ","724,478 ","966,826 ","223,329 ","373,921 ","584,677 ","801,990 ","192,245 ","375,152 ","563,158 ","756,555 ","154,158 ","302,067 ","455,020 ","632,703 ","139,487 ","278,696 ","405,057 ","531,403 ","98,167 ","196,837 ","290,294 ","401,699 ","79,206 ","192,336 ","270,112 ","301,381 ","71,744 ","130,205 ","207,512 ","260,449 ","33,792 ","75,215 ","276,438 ","378,854 ","96,431 ","162,189 ","206,754 ","253,256 ","48,092 ","69,316 "
Changes in Working Capital,"15,899 ","(6,308)",(381),"(8,950)","7,397 ","(3,764)","(9,210)","7,873 ","(10,514)","(10,982)","(2,695)","3,958 ","4,522 ","19,355 ","10,535 ","1,896 ","(24,590)","(22,087)","(28,966)","(1,333)","16,323 ","3,257 ","(12,030)","11,265 ","(34,240)","(37,168)","15,394 ","(79,981)","(118,798)","(199,120)","(2,637,621)","(85,671)","(22,712)","(76,532)","(404,452)","270,995 ","(265,854)","(563,084)","(1,141,810)","(594,542)","(1,030,142)","(1,595,766)","(1,848,768)","99,508 ","180,504 ","361,354 ","373,706 ","(112,915)","(10,283)","(95,683)","313,663 ","(305,392)","(735,730)","(946,521)","(694,968)","(524,875)","(841,325)","(583,152)","(449,990)","12,202 ","133,654 ","161,205 ","159,192 ","65,402 ","122,692 ","213,004 ","58,482 ","159,790 ","183,953 ","255,752 ","80,167 ","126,127 ","109,684 ","57,694 ","(20,213)","68,114 ","43,782 ","237,943 ","204,078 ","4,432 ","58,447 "
Accounts Receivable,"6,287 ","(7,654)","(26,716)","(8,279)","(13,810)","(17,831)","(17,107)","(3,430)","(20,265)","(12,822)","(5,484)","5,546 ","16,421 ","14,419 ","8,288 ","(6,355)","(18,246)","(8,180)","2,273 ",752 ,"(7,327)","(24,495)","(13,070)","(5,312)","(27,355)","(27,122)","11,252 ","(72,696)","(50,275)","(48,686)","(118,817)","(172,709)","(178,736)","(235,176)","(398,592)","100,401 ","13,252 ","(26,511)","(16,369)","(2,519)","(227,330)","(310,583)","(399,169)","46,899 ","66,344 ","136,332 ","77,838 ","(14,988)","44,792 ","(100,504)","(31,880)","(38,719)","(63,500)","(139,681)","(549,941)","(160,740)","(97,881)","282,213 ","301,231 ","60,098 ","183,602 ","200,670 ","173,518 ","(43,412)","102,321 ","147,153 ","(5,005)","131,126 ","187,943 ","311,836 ","175,620 ","104,807 ","167,916 ","79,274 ","(233,471)","72,187 ","37,103 ","334,491 ","309,237 ","60,444 ","362,391 "
Inventories,"(10,329)","(26,345)","(25,648)","7,915 ","16,283 ","31,336 ","23,030 ","(3,269)","(9,987)","(13,421)","(4,620)","5,437 ","4,238 ","2,834 ","4,894 ","(22,073)","(26,285)","(48,655)","(23,215)","26,376 ","23,079 ","9,846 ","6,182 ","9,431 ","(2,378)","(2,358)","20,774 ",12 ,"10,379 ","11,162 ","23,355 ","(9,339)","(9,523)","(19,781)","(25,403)","3,671 ","14,233 ","(54,153)","(613,262)","(12,073)","(12,613)","98,315 ","236,829 ","120,817 ","131,302 ","239,439 ","212,527 ","(128,889)","(155,942)","(229,431)","(364,953)","(183,194)","(136,259)","(344,369)","(128,097)","(434,934)","(377,199)","(412,318)","(197,188)","55,117 ","119,553 ","85,756 ","143,684 ","126,389 ","130,749 ","208,074 ","225,186 ","5,109 ","52,311 ","17,119 ","70,009 ","8,711 ","20,567 ","103,187 ","171,806 ","26,469 ","85,879 ","57,217 ","105,672 ","(55,474)","(76,355)"
Other Assets,(227),"(3,519)",(706),668 ,(127),"(4,004)",(146),(219),(466),(106),127 ,(237),(399),(112),270 ,"(1,559)",(51),"(5,318)","(3,620)",(899),(247),"(1,085)","1,859 ",(438),264 ,(943),(267),0 ,"(40,747)","(123,398)","(176,386)","52,055 ","(73,780)","(104,937)","(194,034)","(150,873)","(212,450)","(313,861)","(530,045)","(32,210)","32,260 ","75,279 ","120,572 ","30,822 ","60,286 ","71,561 ","81,763 ","5,950 ","5,499 ","(14,894)","11,361 ","(21,394)","(18,001)","(32,113)","(1,467)","(22,434)","7,538 ","31,875 ","72,072 ","10,639 ","29,730 ","47,038 ","87,334 ","16,446 ","35,986 ","51,088 ","88,804 ","26,025 ","24,579 ","17,864 ","41,270 ","10,796 ","21,311 ","31,534 ","82,053 ","8,974 ","18,720 ","31,940 ","43,886 ","16,662 ","28,695 "
Accounts Payable,--,--,--,--,--,--,--,--,273 ,873 ,698 ,"1,167 ",--,--,--,"(1,042)",--,--,--,"(3,878)",--,--,--,"3,737 ",--,--,--,--,--,--,--,--,--,--,--,--,--,--,--,--,--,--,--,0 ,"(64,189)",0 ,"(61,064)","(54,788)","(60,562)","(7,550)",--,"(72,042)","(71,836)",--,--,--,--,--,--,--,--,--,--,--,--,--,--,--,--,--,--,--,--,--,--,--,--,--,--,--,--
Accrued Expenses,(217),"1,624 ","1,793 ","(1,132)","1,724 ","4,874 ",878 ,500 ,"4,134 ","7,767 ",312 ,(605),448 ,687 ,"(1,529)","1,629 ","1,934 ","3,716 ","1,646 ",(58),"(1,103)",134 ,(468),"1,647 ",--,--,(389),--,--,--,--,--,--,--,--,--,--,--,--,--,--,--,--,--,--,--,--,--,--,--,--,--,--,--,--,--,--,--,--,--,--,--,--,--,--,--,--,--,--,--,--,--,--,--,--,--,--,--,--,--,--
Payable/Accrued,"19,506 ","22,570 ","39,468 ","(6,195)","2,867 ","(3,663)",730 ,"11,660 ","10,231 ","3,665 ","7,325 ","(6,395)","(14,448)","2,732 ","(1,195)","30,301 ","11,429 ","23,574 ","(5,211)","(24,673)","1,228 ","22,054 ","(3,930)","6,360 ",--,--,"(13,054)",0 ,"(14,347)","(7,384)","(2,217,551)","73,318 ","269,378 ","318,223 ","213,146 ","454,795 ","221,559 ","313,936 ","685,584 ","(320,750)","(363,777)","(782,671)","(917,080)","(100,926)","(8,385)","(70,199)","38,444 ","122,042 ","201,522 ","260,704 ","773,159 ","19,935 ","(429,806)","(402,517)","51,393 ","102,649 ","(323,569)","(443,170)","(541,899)","(105,040)","(147,714)","(141,310)","(173,797)","(28,184)","(104,572)","(159,152)","(162,255)","(2,669)","(15,700)","17,108 ","(64,156)","11,889 ","(13,919)","9,498 ","150,339 ","(21,596)","58,632 ","35,513 ","7,453 ","(11,249)","(91,471)"
Taxes Payable,--,--,--,--,--,--,--,--,--,"6,193 ","7,186 ",--,"1,152 ","1,811 ","2,811 ",--,--,--,--,--,--,--,--,--,--,--,--,--,--,--,--,--,--,--,--,--,--,--,--,--,--,--,--,--,--,0 ,--,--,--,"4,590 ",--,--,--,--,--,--,--,--,--,--,--,--,--,--,--,--,--,--,--,--,--,--,--,--,--,--,--,--,--,--,--
Other Liabilities,(479),"10,230 ","12,552 ","(4,074)","3,386 ","(14,476)","(13,179)","1,773 ","3,567 ","3,241 ",(954),(358),(600),(12),522 ,"1,469 ","8,117 ","17,611 ","5,098 ","1,876 ","3,232 ",692 ,"1,558 ","(2,541)",(349),"6,170 ","1,539 ","5,975 ","2,223 ","11,549 ","(27,837)","3,545 ","10,381 ","15,711 ","74,860 ","(32,794)","(37,905)","(47,068)","(39,678)","(1,218)","8,325 ","58,762 ","27,875 ","4,890 ","5,012 ","(1,122)","43,371 ","(38,940)","(36,462)","6,577 ","(31,388)","(4,702)","(5,732)","1,239 ","(27,924)","(1,683)","(1,784)","38,014 ","4,182 ",550 ,"(6,058)","31,643 ","(1,254)","1,196 ","(9,609)","18,946 ","(30,278)","7,511 ",493 ,"23,629 ",(112),"(1,736)","(6,177)","16,721 ","2,645 ","(1,597)","(9,836)","14,892 ","(18,018)","2,755 ","(10,539)"
Other Operating Cash Flow,"1,358 ","(3,214)","(1,124)","2,147 ","(2,926)",--,"(3,416)",858 ,"1,999 ","(6,372)","(7,285)",(597),"(2,290)","(3,004)","(3,526)",(474),"(1,488)","(4,835)","(5,937)",(829),"(2,539)","(3,889)","(4,161)","(1,619)","(4,422)","(12,915)","(4,460)","(13,272)","(26,031)","(42,363)","(120,385)","(32,541)","(40,432)","(50,572)","(74,429)","(104,205)","(264,543)","(435,427)","(628,040)","(225,772)","(467,007)","(734,868)","(917,795)","(2,994)","(9,866)","(14,657)","(19,173)","(3,302)","(9,130)","(15,175)","(42,636)","(5,276)","(10,596)","(29,080)","(38,932)","(7,733)","(48,430)","(79,766)","(88,388)","(9,162)","(45,459)","(62,592)","(70,293)","(7,033)","(32,183)","(53,105)","(57,970)","(7,312)","(65,673)","(131,804)","(142,464)","(8,340)","(80,014)","(182,520)","(193,585)","(16,323)","(146,716)","(236,110)","(244,152)","(8,706)","(154,274)"
Cash from Operating Activities,"19,046 ","9,808 ","22,791 ","1,390 ","20,417 ","18,200 ","16,354 ","14,918 ","7,074 ","17,217 ","31,964 ","8,651 ","11,527 ","30,511 ","27,864 ","11,421 ","(2,885)","10,963 ","12,161 ","(2,148)","17,703 ","16,790 ","4,601 ","18,293 ","(14,825)","(6,991)","40,026 ","(60,795)","(45,163)","(70,735)","(854,262)","23,826 ","222,617 ","284,981 ","135,933 ","603,657 ","381,571 ","570,493 ","509,635 ","33,069 ","402,441 ","759,151 ","1,583,206 ","1,112,160 ","2,250,814 ","3,360,091 ","4,284,115 ","928,806 ","2,005,264 ","2,833,855 ","4,271,310 ","735,439 ","1,254,441 ","1,963,091 ","3,334,633 ","553,151 ","1,270,247 ","2,410,186 ","3,683,983 ","1,059,626 ","2,178,401 ","3,108,911 ","4,210,440 ","1,165,834 ","2,211,618 ","3,294,344 ","4,043,110 ","1,162,923 ","2,097,744 ","3,001,950 ","3,733,101 ","1,027,162 ","1,820,205 ","2,525,815 ","3,424,283 ","963,947 ","1,761,852 ","2,478,543 ","3,073,310 ","566,499 ","977,755 "
,,,,,,,,,,,,,,,,,,,,,,,,,,,,,,,,,,,,,,,,,,,,,,,,,,,,,,,,,,,,,,,,,,,,,,,,,,,,,,,,,
Cash Flow-Investing Activities (THB Thousands),,,,,,,,,,,,,,,,,,,,,,,,,,,,,,,,,,,,,,,,,,,,,,,,,,,,,,,,,,,,,,,,,,,,,,,,,,,,,,,,,
Capital Expenditures,(842),"(4,171)","(4,301)","(17,541)","(18,448)","(20,432)","(14,511)",(294),"(1,009)","(1,656)","(10,541)","(4,424)","(5,775)","(11,572)","(22,504)","(10,141)","(10,473)","(10,606)","(11,484)",(368),(457),(618),(824),(149),"(94,320)","(379,684)","(2,007)","(274,379)","(1,009,471)","(2,052,356)","(1,772,982)","(810,679)","(1,684,148)","(3,953,562)","(6,060,370)","(1,334,345)","(3,636,763)","(6,643,879)","(8,340,115)","(1,032,708)","(1,218,013)","(1,340,473)","(1,364,527)","(18,468)","(37,950)","(192,673)","(219,750)","(5,288)","(64,774)","(80,767)","(90,563)","(3,082)","(61,190)","(82,906)","(89,704)","(3,294)","(8,458)","(13,443)","(17,341)","(5,826)","(17,584)","(25,939)","(29,206)","(7,117)","(16,078)","(24,719)","(38,054)","(1,148,274)","(2,317,843)","(2,589,772)","(2,725,113)","(24,290)","(72,825)","(99,005)","(115,931)","(116,319)","(120,889)","(138,942)","(134,813)","(15,631)","(22,607)"
Purchase of Fixed Assets,(842),"(4,171)","(4,301)","(17,541)","(18,448)","(20,432)","(14,511)",(294),"(1,009)","(1,656)","(10,484)","(4,424)","(5,775)","(11,572)","(22,302)","(10,141)","(10,473)","(10,606)","(11,484)",(368),(457),(618),(738),(149),"(93,933)","(379,297)","(2,007)","(274,336)","(1,009,371)","(2,052,035)","(1,772,661)","(807,892)","(1,680,691)","(3,948,650)","(6,055,311)","(1,330,727)","(3,630,454)","(6,636,047)","(8,338,856)","(1,032,470)","(1,212,721)","(1,333,946)","(1,358,000)","(18,468)","(36,678)","(191,385)","(202,165)","(5,198)","(64,684)","(70,418)","(79,664)","(2,183)","(61,100)","(82,691)","(89,508)","(3,146)","(7,636)","(10,719)","(13,923)","(3,562)","(6,856)","(12,166)","(14,148)","(6,865)","(13,877)","(20,597)","(33,679)","(1,147,398)","(2,316,727)","(2,588,536)","(2,723,877)","(24,290)","(72,173)","(98,319)","(114,438)","(116,244)","(120,784)","(138,732)","(134,603)","(15,631)","(22,607)"
Purchase/Acquisition of Intangibles,--,--,--,--,--,--,--,--,--,--,(57),--,--,--,(202),--,--,--,0 ,--,--,--,(86),--,(387),(387),0 ,(43),(100),(321),(321),"(2,787)","(3,457)","(4,912)","(5,059)","(3,618)","(6,309)","(7,832)","(1,259)",(238),"(5,292)","(6,527)","(6,527)",--,"(1,272)","(1,288)","(17,585)",(90),(90),"(10,349)","(10,899)",(899),(90),(215),(196),(148),(822),"(2,724)","(3,418)","(2,264)","(10,728)","(13,773)","(15,058)",(252),"(2,201)","(4,122)","(4,375)",(876),"(1,116)","(1,236)","(1,236)",0 ,(652),(686),"(1,493)",(75),(105),(210),(210),0 ,0 
"Other Investing Cash Flow Items, Total",(173),860 ,"(4,831)","4,922 ","5,655 ","5,523 ",(233),"(4,196)","(3,962)","(6,364)","(1,479)","2,932 ","3,470 ","3,498 ","3,755 ",832 ,877 ,877 ,683 ,0 ,--,0 ,28 ,--,"74,897 ","(29,799)","1,579 ","42,187 ","25,260 ","(50,908)","30,706 ",0 ,0 ,"(57,118)","(535,089)","(31,625)","(69,629)","(204,438)","(264,937)","(299,469)","(1,769,037)","(3,069,324)","(3,312,182)","(428,746)","(57,053)","(282,292)","168,359 ","(825,156)","(425,665)","(770,252)","632,325 ","(1,037,054)","(224,958)","(346,693)","1,212,489 ","(2,343,327)","(1,955,715)","(2,169,930)","(785,155)","(944,769)","(581,583)","(930,211)","270,971 ","(1,721)","(1,501,038)","(1,978,404)","(300,298)","314,495 ","(629,157)","(928,923)","(1,222,216)","(787,749)","1,154,807 ","1,534,068 ","1,541,759 ","1,504,099 ","1,537,897 ","1,574,603 ","1,599,422 ","(3,546,802)","(3,247,756)"
Acquisition of Business,--,--,--,--,--,--,--,--,--,--,--,--,--,--,--,--,--,--,--,--,--,--,--,--,--,--,--,"29,219 ","29,219 ","29,219 ","29,219 ",--,--,--,0 ,--,--,--,"(86,497)",--,--,--,--,--,--,--,--,--,--,--,--,--,--,--,--,--,--,--,--,--,--,--,--,--,--,--,--,--,--,--,--,--,--,--,--,--,--,--,--,--,--
Sale of Fixed Assets,--,187 ,402 ,--,0 ,25 ,502 ,--,19 ,20 ,20 ,502 ,"1,623 ","1,623 ","1,624 ",729 ,765 ,765 ,934 ,0 ,--,0 ,28 ,--,--,--,"1,579 ",--,988 ,"2,020 ","1,487 ",--,0 ,881 ,"2,799 ",0 ,"22,560 ","25,231 ","2,550 ",957 ,"1,559 ","1,048 ","1,195 ","4,374 ","4,758 ","4,496 ","5,513 ",1 ,"1,060 ","1,063 ","3,471 ","3,572 ","17,410 ","22,612 ","26,466 ","2,250 ","10,268 ","22,254 ","27,277 ","1,720 ","9,532 ","11,823 ","14,077 ","2,409 ","14,625 ","15,425 ","12,694 ","9,397 ","9,889 ","13,241 ","18,553 ","14,768 ","17,622 ","18,715 ","18,756 ",585 ,"3,389 ","4,933 ","6,421 ","1,584 ","20,249 "
Sale/Maturity of Investment,--,624 ,624 ,--,--,--,0 ,--,--,--,--,--,--,--,--,--,--,--,--,--,--,--,--,--,"162,153 ","356,162 ",--,"298,148 ","451,853 ","510,653 ",--,--,--,--,--,--,--,--,0 ,--,"84,507 ","1,613,669 ","2,308,168 ","152,000 ","1,153,700 ","1,419,200 ","4,831,049 ","920,780 ","3,425,653 ","5,031,060 ","8,455,494 ","2,786,526 ","6,394,310 ","8,232,679 ","12,311,828 ","2,764,517 ","6,277,586 ","7,765,984 ","12,003,162 ","937,539 ","4,475,822 ","5,671,742 ","8,732,893 ","2,932,992 ","5,151,929 ","6,609,774 ","9,319,990 ","2,381,916 ","4,694,457 ","6,306,137 ","9,053,967 ","813,383 ","3,265,112 ","3,640,823 ","3,640,823 ",0 ,0 ,"28,534 ","28,534 ","45,000 ","783,200 "
"Investment, Net",--,--,--,--,--,--,--,--,--,--,--,--,--,--,--,--,--,--,--,--,--,--,--,--,--,--,--,--,--,--,--,--,--,--,--,--,0 ,0 ,0 ,--,"(11,987)","(11,987)","(11,987)",--,--,--,--,--,--,--,--,--,--,--,--,--,"(340,000)","(340,000)","(340,000)","(1,071)","(2,242)","(7,264)","337,736 ",0 ,0 ,0 ,0 ,--,"11,987 ","11,987 ","11,987 ",--,0 ,0 ,0 ,--,--,--,--,--,--
Purchase of Investments,--,--,--,--,--,--,--,--,--,--,--,--,--,--,--,--,--,--,--,--,--,--,--,--,"(92,300)","(364,359)",--,"(284,700)","(456,800)","(592,800)",--,--,0 ,"(57,999)","(97,800)",--,"(7,500)",--,0 ,--,"(1,421,264)","(4,210,651)","(5,020,450)","(650,500)","(1,401,300)","(1,915,800)","(6,138,316)","(1,749,151)","(3,859,003)","(5,812,179)","(7,840,378)","(3,828,239)","(6,647,792)","(8,630,616)","(11,161,958)","(5,116,117)","(7,921,539)","(9,644,667)","(12,513,929)","(1,887,446)","(5,081,525)","(6,625,225)","(8,840,825)","(2,937,188)","(6,668,016)","(8,614,016)","(9,643,366)","(2,071,000)","(5,345,800)","(7,261,215)","(10,308,415)","(1,625,900)","(2,152,100)","(2,152,100)","(2,152,100)",0 ,0 ,(200),(200),"(3,300,000)","(3,781,427)"
Sale of Intangible Assets,--,--,--,--,--,--,--,--,--,--,--,--,--,--,--,--,--,--,--,--,--,--,--,--,--,--,--,--,--,--,--,--,--,--,--,--,--,--,--,--,--,--,--,--,--,--,--,--,--,--,549 ,--,--,--,0 ,--,--,--,--,--,--,--,--,--,--,--,--,--,--,578 ,--,--,--,0 ,--,--,--,--,57 ,--,--
Other Investing Cash Flow,(173),49 ,"(5,857)","4,922 ","5,655 ","5,498 ",(735),"(4,196)","(3,981)","(6,384)","(1,499)","2,430 ","1,847 ","1,875 ","2,131 ",103 ,112 ,112 ,(251),0 ,--,0 ,0 ,--,"5,044 ","(21,602)",--,(480),--,--,0 ,0 ,0 ,0 ,"(440,088)","(31,625)","(84,689)","(229,669)","(180,990)","(300,426)","(421,852)","(461,403)","(589,108)","65,380 ","185,789 ","209,812 ","1,470,113 ","3,214 ","6,625 ","9,804 ","13,189 ","1,087 ","11,114 ","28,632 ","36,153 ","6,023 ","17,970 ","26,499 ","38,335 ","4,489 ","16,830 ","18,713 ","27,090 ",66 ,424 ,"10,413 ","10,384 ","(5,818)",310 ,349 ,"1,692 ","10,000 ","24,173 ","26,630 ","34,280 ","1,503,514 ","1,534,508 ","1,541,336 ","1,564,610 ","(293,386)","(269,778)"
Cash from Investing Activities,"(1,015)","(3,311)","(9,132)","(12,619)","(12,793)","(14,909)","(14,744)","(4,490)","(4,971)","(8,020)","(12,020)","(1,492)","(2,305)","(8,074)","(18,749)","(9,309)","(9,596)","(9,729)","(10,801)",(368),(457),(618),(796),(149),"(19,423)","(409,483)",(428),"(232,192)","(984,211)","(2,103,264)","(1,742,276)","(810,679)","(1,684,148)","(4,010,680)","(6,595,459)","(1,365,970)","(3,706,392)","(6,848,317)","(8,605,052)","(1,332,177)","(2,987,050)","(4,409,797)","(4,676,709)","(447,214)","(95,003)","(474,965)","(51,391)","(830,444)","(490,439)","(851,019)","541,762 ","(1,040,136)","(286,148)","(429,599)","1,122,785 ","(2,346,621)","(1,964,173)","(2,183,373)","(802,496)","(950,595)","(599,167)","(956,150)","241,765 ","(8,838)","(1,517,116)","(2,003,123)","(338,352)","(833,779)","(2,947,000)","(3,518,695)","(3,947,329)","(812,039)","1,081,982 ","1,435,063 ","1,425,828 ","1,387,780 ","1,417,008 ","1,435,661 ","1,464,609 ","(3,562,433)","(3,270,363)"
,,,,,,,,,,,,,,,,,,,,,,,,,,,,,,,,,,,,,,,,,,,,,,,,,,,,,,,,,,,,,,,,,,,,,,,,,,,,,,,,,
Cash Flow-Financing Activities (THB Thousands),,,,,,,,,,,,,,,,,,,,,,,,,,,,,,,,,,,,,,,,,,,,,,,,,,,,,,,,,,,,,,,,,,,,,,,,,,,,,,,,,
Financing Cash Flow Items,(875),"(18,245)","(18,245)",--,"(17,500)","(17,500)","8,370 ",--,--,--,--,(93),(160),(165),(165),(162),(456),(808),"(1,228)",--,--,--,"(1,065)",--,"(319,993)","(210,492)","(1,018)","83,867 ","282,230 ","338,843 ","174,102 ","10,836 ","(44,048)","(100,825)","(20,000)",0 ,0 ,"147,311 ","10,259 ","56,535 ","216,813 ","216,812 ","165,118 ","(284,626)","(513,323)","(732,735)","(893,763)","(89,657)","(367,280)","(447,650)","(716,696)","(71,388)","(308,072)","(340,219)","(604,273)","(53,424)","(252,430)","(303,037)","(491,949)","(36,979)","(189,196)","(215,736)","(357,585)","(22,986)","(134,709)","(154,401)","(204,022)","(5,893)","548,886 ","543,593 ","473,664 ","(2,098)","(53,120)","109,443 ","59,779 ","52,759 ","27,059 ","27,059 ","1,068 ",0 ,"(118,724)"
Other Financing Cash Flow,(875),"(18,245)","(18,245)",--,"(17,500)","(17,500)","8,370 ",--,--,--,--,(93),(160),(165),(165),(162),(456),(808),"(1,228)",--,--,--,"(1,065)",--,"(319,993)","(210,492)","(1,018)","83,867 ","282,230 ","338,843 ","174,102 ","10,836 ","(44,048)","(100,825)","(20,000)",0 ,0 ,"147,311 ","10,259 ","56,535 ","216,813 ","216,812 ","165,118 ","(284,626)","(513,323)","(732,735)","(893,763)","(89,657)","(367,280)","(447,650)","(716,696)","(71,388)","(308,072)","(340,219)","(604,273)","(53,424)","(252,430)","(303,037)","(491,949)","(36,979)","(189,196)","(215,736)","(357,585)","(22,986)","(134,709)","(154,401)","(204,022)","(5,893)","548,886 ","543,593 ","473,664 ","(2,098)","(53,120)","109,443 ","59,779 ","52,759 ","27,059 ","27,059 ","1,068 ",0 ,"(118,724)"
Total Cash Dividends Paid,--,--,--,--,--,--,--,--,"(11,000)","(21,000)","(21,000)",--,"(10,000)","(12,500)","(12,500)",--,"(7,498)","(14,992)","(14,998)",0 ,"(6,000)","(8,483)","(8,500)","(9,971)",--,--,"(12,470)",--,--,--,--,--,--,--,--,--,--,--,--,--,0 ,"(369,594)","(369,594)",--,"(490,775)","(560,088)","(1,114,958)",--,"(801,372)","(1,199,901)","(1,228,985)",--,"(730,085)","(1,218,890)","(1,255,675)",--,"(710,562)","(1,280,302)","(1,327,216)",--,"(740,125)","(1,268,592)","(1,319,482)",--,"(823,813)","(1,429,551)","(1,477,431)","(81,983)","(816,910)","(1,128,251)","(1,170,831)","(56,228)","(671,610)","(963,590)","(999,942)","(48,182)","(750,800)","(1,111,112)","(1,152,851)","(57,047)","(686,243)"
Cash Dividends Paid - Common,--,--,--,--,--,--,--,--,"(11,000)","(21,000)","(21,000)",--,"(10,000)","(12,500)","(12,500)",--,"(7,498)","(14,992)","(14,998)",0 ,"(6,000)","(8,483)","(8,500)","(9,971)",--,--,"(12,470)",--,--,--,--,--,--,--,--,--,--,--,--,--,0 ,"(369,594)","(369,594)",--,"(490,775)","(560,088)","(1,114,958)",--,"(801,372)","(1,199,901)","(1,228,985)",--,"(730,085)","(1,218,890)","(1,255,675)",--,"(710,562)","(1,280,302)","(1,327,216)",--,"(740,125)","(1,268,592)","(1,319,482)",--,"(823,813)","(1,429,551)","(1,477,431)","(81,983)","(816,910)","(1,128,251)","(1,170,831)","(56,228)","(671,610)","(963,590)","(999,942)","(48,182)","(750,800)","(1,111,112)","(1,152,851)","(57,047)","(686,243)"
"Issuance (Retirement) of Stock, Net",--,"14,500 ","14,500 ",--,--,--,"15,000 ",--,--,--,--,--,--,--,--,--,--,--,--,--,--,--,--,--,"2,000 ","213,400 ",--,--,--,--,"173,656 ","1,222,825 ","1,222,825 ","1,222,825 ","1,222,825 ",--,--,"212,607 ","279,991 ",--,--,"1,842,097 ","1,842,097 ",--,--,--,--,--,--,--,--,--,--,--,--,"1,085,000 ","1,085,000 ","1,085,000 ","1,085,000 ",0 ,0 ,0 ,0 ,--,--,--,--,--,--,--,--,--,--,--,--,--,--,--,--,--,--
Sale/Issuance of Common,--,"14,500 ","14,500 ",--,--,--,"15,000 ",--,--,--,--,--,--,--,--,--,--,--,--,--,--,--,--,--,"2,000 ","213,400 ",--,--,--,--,"173,656 ","1,222,825 ","1,222,825 ","1,222,825 ","1,222,825 ",--,--,"212,607 ","279,991 ",--,--,"1,842,097 ","1,842,097 ",--,--,--,--,--,--,--,--,--,--,--,--,"1,085,000 ","1,085,000 ","1,085,000 ","1,085,000 ",0 ,0 ,0 ,0 ,--,--,--,--,--,--,--,--,--,--,--,--,--,--,--,--,--,--
"Common Stock, Net",--,"14,500 ","14,500 ",--,--,--,"15,000 ",--,--,--,--,--,--,--,--,--,--,--,--,--,--,--,--,--,"2,000 ","213,400 ",--,--,--,--,"173,656 ","1,222,825 ","1,222,825 ","1,222,825 ","1,222,825 ",--,--,"212,607 ","279,991 ",--,--,"1,842,097 ","1,842,097 ",--,--,--,--,--,--,--,--,--,--,--,--,"1,085,000 ","1,085,000 ","1,085,000 ","1,085,000 ",0 ,0 ,0 ,0 ,--,--,--,--,--,--,--,--,--,--,--,--,--,--,--,--,--,--
"Issuance (Retirement) of Debt, Net","(3,281)","(2,275)","(2,928)","11,477 ","11,010 ","9,426 ","(12,257)",(224),(501),(191),(851),"(1,671)","(8,197)","(2,442)","4,334 ","3,899 ","13,884 ","12,676 ","9,467 ","(1,209)","(2,388)","(11,551)","(2,710)","1,838 ","220,021 ","408,253 ","(20,040)","255,441 ","902,585 ","1,956,859 ","2,475,194 ","82,601 ","353,653 ","2,519,598 ","5,016,911 ","864,086 ","3,396,117 ","6,417,054 ","8,021,480 ","1,091,198 ","2,174,704 ","1,708,574 ","1,255,310 ","(449,153)","(1,220,833)","(1,659,775)","(2,235,857)","(1,584)","(341,832)","(342,184)","(2,488,496)",(340),"(334,982)","(332,162)","(2,706,547)","497,305 ","386,692 ","61,729 ","(2,364,067)","(99,254)","(667,392)","(620,804)","(2,444,223)","(29,011)","(34,388)","(38,633)","(1,747,905)","(508,706)","486,049 ","489,018 ","221,977 ","(131,161)","(241,636)","(967,111)","(2,222,509)","(5,830)","(11,404)","(16,542)","(676,440)","(6,218)","(12,536)"
Short Term Debt Issued,"(2,716)",(559),(222),"2,576 ","3,560 ","3,540 ","(2,424)",0 ,39 ,620 ,0 ,--,"(6,000)","(6,000)","(6,000)",--,"10,000 ","10,000 ","8,000 ",0 ,--,"(8,000)","2,000 ","3,000 ","1,100 ","2,100 ","(10,000)","94,873 ","132,200 ","659,316 ","828,435 ","106,869 ","377,921 ","828,824 ","1,728,580 ","233,130 ","233,130 ","233,721 ","233,721 ","20,253 ","23,253 ","23,253 ",0 ,--,"5,000 ","9,000 ","15,000 ",--,0 ,0 ,0 ,--,--,"9,000 ","10,938 ",--,--,"138,647 ","88,083 ",--,"7,083 ","53,862 ","53,862 ","7,000 ","7,000 ","7,000 ","24,000 ",--,"1,000,000 ","1,008,673 ","1,047,727 ",--,0 ,0 ,0 ,--,--,--,--,--,--
Short Term Debt Reduction,--,--,--,--,--,--,--,--,--,--,--,--,--,--,--,--,--,--,--,--,--,--,--,--,"(1,148)","(2,148)",--,--,0 ,--,"(335,195)","(576,807)","(797,404)","(1,006,071)","(1,023,950)","(1,430,971)","(1,431,000)","(1,431,591)","(1,431,591)",0 ,"(20,253)","(23,253)",0 ,--,--,"(9,000)","(9,000)",--,--,0 ,"(6,000)",--,--,--,--,"(1,584)",--,--,--,"(99,021)","(99,021)","(99,021)","(122,250)","(30,632)","(30,632)","(30,632)","(51,632)","(3,000)","(3,000)","(3,000)","(1,030,053)","(20,674)","(20,674)","(20,674)","(20,674)",0 ,0 ,0 ,0 ,--,--
"Short Term Debt, Net","(2,716)",(559),(222),"2,576 ","3,560 ","3,540 ","(2,424)",0 ,39 ,620 ,0 ,--,"(6,000)","(6,000)","(6,000)",--,"10,000 ","10,000 ","8,000 ",0 ,--,"(8,000)","2,000 ","3,000 ",(48),(48),"(10,000)","94,873 ","132,200 ","659,316 ","493,240 ","(469,938)","(419,483)","(177,247)","729,726 ","(1,197,841)","(1,197,870)","(1,197,870)","(1,197,870)","20,253 ","3,000 ",0 ,0 ,--,"5,000 ",0 ,"6,000 ",--,0 ,0 ,"(6,000)",--,--,"9,000 ","10,938 ","(1,584)",--,"138,647 ","88,083 ","(99,021)","(91,938)","(45,159)","(68,388)","(23,632)","(23,632)","(23,632)","(27,632)","(3,000)","997,000 ","1,005,673 ","17,674 ","(20,674)","(20,674)","(20,674)","(20,674)",0 ,0 ,0 ,0 ,--,--
Long Term Debt Issued,--,--,--,"8,958 ","7,747 ","6,526 ",--,0 ,--,0 ,0 ,0 ,0 ,"6,257 ","13,487 ","5,065 ","6,065 ","6,065 ","6,065 ",--,--,0 ,0 ,--,"220,248 ","420,000 ",--,"172,808 ","814,324 ","1,372,042 ","2,158,984 ","637,711 ","952,810 ","3,000,880 ","4,776,826 ","2,248,111 ","4,994,200 ","8,257,725 ","10,238,742 ","1,355,826 ","1,654,851 ","1,654,851 ","1,654,851 ",--,--,--,--,--,--,--,--,--,"5,770 ",--,--,"499,360 ","962,566 ","499,360 ","499,360 ",0 ,0 ,--,0 ,--,--,--,0 ,--,--,--,"2,497,065 ",--,--,--,0 ,--,--,--,--,--,--
Long Term Debt Reduction,(565),"(1,716)","(2,304)",--,--,--,"(5,399)",--,--,--,--,0 ,0 ,0 ,--,(579),"(1,158)","(1,917)","(2,676)",(759),"(1,518)","(2,277)","(3,036)",(759),--,"(11,340)","(6,236)","(11,751)","(42,465)","(72,441)","(172,189)","(84,846)","(178,288)","(301,174)","(486,111)","(184,640)","(397,766)","(637,637)","(1,016,480)","(283,486)","(3,452,398)","(3,913,382)","(4,365,238)","(443,861)","(1,219,514)","(1,653,001)","(14,699,563)","(1,584)","(341,832)","(342,184)","(2,482,496)",(340),"(340,752)","(341,162)","(2,717,485)",(471),"(575,874)","(576,278)","(2,951,510)",(233),"(575,454)","(575,645)","(2,375,835)","(5,379)","(10,756)","(15,001)","(1,720,273)","(505,706)","(510,951)","(516,655)","(2,292,762)","(110,487)","(220,962)","(946,437)","(2,201,835)","(5,830)","(11,404)","(16,542)","(676,440)","(6,218)","(12,536)"
"Long Term Debt, Net",(565),"(1,716)","(2,706)","8,901 ","7,450 ","5,886 ","(9,833)",(224),(540),(811),(851),"(1,671)","(2,197)","3,558 ","10,334 ","3,899 ","3,884 ","2,676 ","1,467 ","(1,209)","(2,388)","(3,551)","(4,710)","(1,162)","220,069 ","408,301 ","(10,040)","160,568 ","770,385 ","1,297,543 ","1,981,954 ","552,539 ","773,136 ","2,696,845 ","4,287,185 ","2,061,927 ","4,593,987 ","7,614,924 ","9,219,350 ","1,070,945 ","2,171,704 ","1,708,574 ","1,255,310 ","(449,153)","(1,225,833)","(1,659,775)","(2,241,857)","(1,584)","(341,832)","(342,184)","(2,482,496)",(340),"(334,982)","(341,162)","(2,717,485)","498,889 ","386,692 ","(76,918)","(2,452,150)",(233),"(575,454)","(575,645)","(2,375,835)","(5,379)","(10,756)","(15,001)","(1,720,273)","(505,706)","(510,951)","(516,655)","204,303 ","(110,487)","(220,962)","(946,437)","(2,201,835)","(5,830)","(11,404)","(16,542)","(676,440)","(6,218)","(12,536)"
Cash from Financing Activities,"(4,156)","(6,020)","(6,673)","11,477 ","(6,490)","(8,074)","11,113 ",(224),"(11,501)","(21,191)","(21,851)","(1,764)","(18,357)","(15,107)","(8,331)","3,737 ","5,930 ","(3,124)","(6,759)","(1,209)","(8,388)","(20,034)","(12,275)","(8,133)","(97,972)","411,161 ","(33,529)","339,308 ","1,184,815 ","2,295,702 ","2,822,952 ","1,316,262 ","1,532,430 ","3,641,598 ","6,219,736 ","864,086 ","3,396,117 ","6,776,972 ","8,311,730 ","1,147,733 ","2,391,517 ","3,397,889 ","2,892,931 ","(733,779)","(2,224,931)","(2,952,598)","(4,244,578)","(91,241)","(1,510,484)","(1,989,735)","(4,434,177)","(71,728)","(1,373,139)","(1,891,271)","(4,566,495)","1,528,881 ","508,700 ","(436,610)","(3,098,232)","(136,233)","(1,596,713)","(2,105,132)","(4,121,290)","(51,997)","(992,910)","(1,622,585)","(3,429,358)","(596,582)","218,025 ","(95,640)","(475,190)","(189,487)","(966,366)","(1,821,258)","(3,162,672)","(1,253)","(735,145)","(1,100,595)","(1,828,223)","(63,265)","(817,503)"
,,,,,,,,,,,,,,,,,,,,,,,,,,,,,,,,,,,,,,,,,,,,,,,,,,,,,,,,,,,,,,,,,,,,,,,,,,,,,,,,,
Net Change in Cash,"13,875 ",477 ,"6,987 ",248 ,"1,134 ","(4,783)","12,726 ","10,204 ","(9,398)","(11,994)","(1,904)","5,395 ","(9,135)","7,330 ",784 ,"5,849 ","(6,551)","(1,890)","(5,399)","(3,725)","8,858 ","(3,862)","(8,469)","10,011 ","(132,220)","(5,313)","6,070 ","46,321 ","155,441 ","121,703 ","226,414 ","529,409 ","70,899 ","(84,101)","(239,790)","101,773 ","71,296 ","499,148 ","216,313 ","(151,375)","(193,092)","(252,757)","(200,572)","(68,833)","(69,120)","(67,472)","(11,854)","7,121 ","4,341 ","(6,899)","378,895 ","(376,425)","(404,846)","(357,779)","(109,077)","(264,589)","(185,226)","(209,797)","(216,745)","(27,202)","(17,479)","47,629 ","330,915 ","1,104,999 ","(298,408)","(331,364)","275,400 ","(267,438)","(631,231)","(612,385)","(689,418)","25,636 ","1,935,821 ","2,139,620 ","1,687,439 ","2,350,474 ","2,443,715 ","2,813,609 ","2,709,696 ","(3,059,199)","(3,110,111)"
,,,,,,,,,,,,,,,,,,,,,,,,,,,,,,,,,,,,,,,,,,,,,,,,,,,,,,,,,,,,,,,,,,,,,,,,,,,,,,,,,
Net Cash - Beginning Balance,281 ,76 ,76 ,"7,063 ","7,063 ","7,063 ","7,063 ","19,789 ","19,789 ","19,789 ","19,789 ","17,885 ","17,885 ","17,885 ","17,885 ","18,669 ","18,669 ","18,669 ","18,669 ","13,270 ","13,270 ","13,270 ","13,270 ","4,801 ","138,259 ","10,778 ","4,801 ","46,026 ","46,026 ","46,025 ","85,568 ","311,982 ","311,982 ","311,982 ","311,982 ","72,192 ","72,192 ","72,192 ","72,192 ","288,505 ","288,505 ","288,505 ","288,505 ","87,933 ","87,933 ","87,933 ","87,933 ","76,079 ","76,079 ","76,079 ","76,079 ","454,974 ","454,974 ","454,974 ","454,974 ","345,897 ","345,897 ","345,897 ","345,897 ","129,152 ","129,152 ","129,152 ","129,152 ","460,067 ","460,067 ","460,067 ","460,067 ","735,467 ","735,467 ","735,467 ","735,467 ","46,049 ","46,049 ","46,049 ","46,049 ","1,733,488 ","1,733,488 ","1,733,488 ","1,733,488 ","4,443,184 ","4,443,184 "
Net Cash - Ending Balance,"14,156 ",553 ,"7,063 ","7,311 ","8,197 ","2,280 ","19,789 ","29,993 ","10,391 ","7,795 ","17,885 ","23,280 ","8,750 ","25,215 ","18,669 ","24,518 ","12,118 ","16,779 ","13,270 ","9,545 ","22,128 ","9,408 ","4,801 ","14,812 ","6,039 ","5,465 ","10,871 ","92,347 ","201,467 ","167,728 ","311,982 ","841,391 ","382,881 ","227,881 ","72,192 ","173,965 ","143,488 ","571,340 ","288,505 ","137,130 ","95,413 ","35,748 ","87,933 ","19,100 ","18,813 ","20,461 ","76,079 ","83,200 ","80,420 ","69,180 ","454,974 ","78,549 ","50,128 ","97,195 ","345,897 ","81,308 ","160,671 ","136,100 ","129,152 ","101,950 ","111,673 ","176,781 ","460,067 ","1,565,066 ","161,659 ","128,703 ","735,467 ","468,029 ","104,236 ","123,082 ","46,049 ","71,685 ","1,981,870 ","2,185,669 ","1,733,488 ","4,083,962 ","4,177,203 ","4,547,097 ","4,443,184 ","1,383,985 ","1,333,073 "
Cash Interest Paid,191 ,477 ,669 ,291 ,775 ,"1,179 ","1,599 ",127 ,279 ,414 ,560 ,93 ,160 ,165 ,165 ,162 ,456 ,808 ,"1,228 ",315 ,315 ,824 ,"1,065 ",360 ,153 ,"3,217 ","1,018 ","3,795 ","12,811 ","22,818 ","87,903 ","16,902 ","18,439 ","4,648 ","42,764 ","102,338 ","236,902 ","392,304 ","580,222 ","220,352 ","441,073 ","704,741 ","890,272 ","284,626 ","513,323 ","735,784 ","896,812 ","89,657 ","367,280 ","447,650 ","716,696 ","71,388 ","308,072 ","340,219 ","604,273 ","53,424 ","252,430 ","303,037 ","491,949 ","36,979 ","189,196 ","215,736 ","357,585 ","22,986 ","134,709 ","154,401 ","204,022 ","5,893 ","77,114 ","82,407 ","152,336 ","2,098 ","53,120 ","53,136 ","102,801 ",0 ,"25,709 ","25,709 ","51,700 ",--,"13,012 "
Cash Taxes Paid,317 ,"9,264 ","9,987 ",644 ,"6,476 ","9,083 ","10,188 ",649 ,"1,853 ","5,958 ","6,725 ",597 ,"2,290 ","3,004 ","3,526 ",474 ,"1,488 ","4,835 ","5,937 ",514 ,"2,224 ","3,065 ","4,161 ","1,259 ","4,371 ","12,915 ","4,460 ","9,477 ","13,481 ","19,971 ","33,581 ","17,494 ","26,792 ","51,401 ","39,387 ","2,485 ","31,261 ","47,818 ","57,419 ","6,175 ","30,470 ","37,350 ","41,211 ","2,994 ","9,866 ","14,657 ","19,173 ","3,302 ","9,130 ","15,175 ","42,636 ","5,276 ","10,596 ","29,080 ","38,932 ","7,733 ","48,430 ","79,766 ","88,388 ","9,162 ","45,459 ","62,592 ","70,293 ","7,033 ","32,183 ","53,105 ","57,970 ","7,312 ","65,673 ","131,804 ","142,464 ","8,340 ","80,014 ","182,520 ","193,585 ","16,323 ","146,716 ","236,110 ","244,152 ","8,706 ","154,274 "
"Lease liability Reduced, Supplemental",--,--,--,--,--,--,--,--,--,--,--,--,--,--,--,--,--,--,--,--,--,--,--,--,--,--,--,--,--,--,--,--,--,--,--,--,--,--,--,--,--,--,--,--,--,--,--,"(1,584)","(1,832)","(2,184)","(2,496)",(340),(752),"(1,162)","(2,485)",(471),(874),"(1,278)","(1,510)",(233),(454),(645),(835),"(5,379)","(10,756)","(15,001)","(20,273)","(5,706)","(10,951)","(16,655)","(22,762)","(5,487)","(10,962)","(16,437)","(21,835)","(5,830)","(11,404)","(16,542)","(26,440)","(6,218)","(12,536)"
"Lease liability Net, Supplemental",--,--,--,--,--,--,--,--,--,--,--,--,--,--,--,--,--,--,--,--,--,--,--,--,--,--,--,--,--,--,--,--,--,"(2,861)","(3,530)","(1,544)","(2,447)","(5,164)","(2,912)","(1,395)","(1,542)","(3,688)","(5,096)","(5,292)","(6,319)","(6,774)","(7,236)",--,--,--,--,--,--,--,--,--,--,--,--,--,--,--,--,--,--,--,--,--,--,--,--,--,--,--,--,--,--,--,--,--,--
Net Changes in Working Capital,"14,541 ","(3,094)",743 ,"(11,097)","10,323 ","(3,764)","(5,794)","7,015 ","(12,513)","(4,610)","4,590 ","4,555 ","6,812 ","22,359 ","14,061 ","2,370 ","(23,102)","(17,252)","(23,029)",(504),"18,862 ","7,146 ","(7,869)","12,884 ","(29,818)","(24,253)","19,855 ","(66,709)","(92,767)","(156,757)","(2,517,236)","(53,130)","17,720 ","(25,960)","(330,023)","375,200 ","(1,311)","(127,657)","(513,770)","(368,770)","(563,135)","(860,898)","(930,973)","102,502 ","190,370 ","376,011 ","392,879 ","(109,613)","(1,153)","(80,508)","356,299 ","(300,116)","(725,134)","(917,441)","(656,036)","(517,142)","(792,895)","(503,386)","(361,602)","21,364 ","179,113 ","223,797 ","229,485 ","72,435 ","154,875 ","266,109 ","116,452 ","167,102 ","249,626 ","387,556 ","222,631 ","134,467 ","189,698 ","240,214 ","173,372 ","84,437 ","190,498 ","474,053 ","448,230 ","13,138 ","212,721 "
,,,,,,,,,,,,,,,,,,,,,,,,,,,,,,,,,,,,,,,,,,,,,,,,,,,,,,,,,,,,,,,,,,,,,,,,,,,,,,,,,
Free Cash Flow,"18,204 ","5,637 ","18,490 ","(16,151)","1,969 ","(2,232)","1,843 ","14,624 ","6,065 ","15,561 ","21,423 ","4,227 ","5,752 ","18,939 ","5,360 ","1,280 ","(13,358)",357 ,677 ,"(2,516)","17,246 ","16,172 ","3,777 ","18,144 ","(109,145)","(386,675)","38,019 ","(335,174)","(1,054,634)","(2,123,091)","(2,627,244)","(786,853)","(1,461,531)","(3,668,581)","(5,924,437)","(730,688)","(3,255,192)","(6,073,386)","(7,830,480)","(999,639)","(815,572)","(581,322)","218,679 ","1,093,692 ","2,212,864 ","3,167,418 ","4,064,365 ","923,518 ","1,940,490 ","2,753,088 ","4,180,747 ","732,357 ","1,193,251 ","1,880,185 ","3,244,929 ","549,857 ","1,261,789 ","2,396,743 ","3,666,642 ","1,053,800 ","2,160,817 ","3,082,972 ","4,181,234 ","1,158,717 ","2,195,540 ","3,269,625 ","4,005,056 ","14,649 ","(220,099)","412,178 ","1,007,988 ","1,002,872 ","1,747,380 ","2,426,810 ","3,308,352 ","847,628 ","1,640,963 ","2,339,601 ","2,938,497 ","550,868 ","955,148 "
,,,,,,,,,,,,,,,,,,,,,,,,,,,,,,,,,,,,,,,,,,,,,,,,,,,,,,,,,,,,,,,,,,,,,,,,,,,,,,,,,
