Stark Corporation PCL                                12-Sep-2024 13:38,,,,,,,,,,,,,,,,,,,,,,,,,,,,,,,,,,,,,,,,,,,,,,,,,,,,,,,,,,,,,,,,,,,,,,,,,,,,
,,,,,,,,,,,,,,,,,,,,,,,,,,,,,,,,,,,,,,,,,,,,,,,,,,,,,,,,,,,,,,,,,,,,,,,,,,,,
Cash Flow,,,,,,,,,,,,,,,,,,,,,,,,,,,,,,,,,,,,,,,,,,,,,,,,,,,,,,,,,,,,,,,,,,,,,,,,,,,,
Quarterly-YTD Standardised in Thousands of Thai Baht,,,,,,,,,,,,,,,,,,,,,,,,,,,,,,,,,,,,,,,,,,,,,,,,,,,,,,,,,,,,,,,,,,,,,,,,,,,,
,2004,,,,2005,,,,2006,,,,2007,,,,2008,,,,2009,,,,2010,,,,2011,,,,2012,,,,2013,,,,2014,,,,2015,,,,2016,,,,2017,,,,2018,,,,2019,,,,2020,,,,2021,,,,2022,,,
, Mar-2004, Jun-2004, Sep-2004, Dec-2004, Mar-2005, Jun-2005, Sep-2005, Dec-2005, Mar-2006, Jun-2006, Sep-2006, Dec-2006, Mar-2007, Jun-2007, Sep-2007, Dec-2007, Mar-2008, Jun-2008, Sep-2008, Dec-2008, Mar-2009, Jun-2009, Sep-2009, Dec-2009, Mar-2010, Jun-2010, Sep-2010, Dec-2010, Mar-2011, Jun-2011, Sep-2011, Dec-2011, Mar-2012, Jun-2012, Sep-2012, Dec-2012, Mar-2013, Jun-2013, Sep-2013, Dec-2013, Mar-2014, Jun-2014, Sep-2014, Dec-2014, Mar-2015, Jun-2015, Sep-2015, Dec-2015, Mar-2016, Jun-2016, Sep-2016, Dec-2016, Mar-2017, Jun-2017, Sep-2017, Dec-2017, Mar-2018, Jun-2018, Sep-2018, Dec-2018, Mar-2019, Jun-2019, Sep-2019, Dec-2019, Mar-2020, Jun-2020, Sep-2020, Dec-2020, Mar-2021, Jun-2021, Sep-2021, Dec-2021, Mar-2022, Jun-2022, Sep-2022, Dec-2022
Period End Date,31-Mar-2004 ,30-Jun-2004 ,30-Sep-2004 ,31-Dec-2004 ,31-Mar-2005 ,30-Jun-2005 ,30-Sep-2005 ,31-Dec-2005 ,31-Mar-2006 ,30-Jun-2006 ,30-Sep-2006 ,31-Dec-2006 ,31-Mar-2007 ,30-Jun-2007 ,30-Sep-2007 ,31-Dec-2007 ,31-Mar-2008 ,30-Jun-2008 ,30-Sep-2008 ,31-Dec-2008 ,31-Mar-2009 ,30-Jun-2009 ,30-Sep-2009 ,31-Dec-2009 ,31-Mar-2010 ,30-Jun-2010 ,30-Sep-2010 ,31-Dec-2010 ,31-Mar-2011 ,30-Jun-2011 ,30-Sep-2011 ,31-Dec-2011 ,31-Mar-2012 ,30-Jun-2012 ,30-Sep-2012 ,31-Dec-2012 ,31-Mar-2013 ,30-Jun-2013 ,30-Sep-2013 ,31-Dec-2013 ,31-Mar-2014 ,30-Jun-2014 ,30-Sep-2014 ,31-Dec-2014 ,31-Mar-2015 ,30-Jun-2015 ,30-Sep-2015 ,31-Dec-2015 ,31-Mar-2016 ,30-Jun-2016 ,30-Sep-2016 ,31-Dec-2016 ,31-Mar-2017 ,30-Jun-2017 ,30-Sep-2017 ,31-Dec-2017 ,31-Mar-2018 ,30-Jun-2018 ,30-Sep-2018 ,31-Dec-2018 ,31-Mar-2019 ,30-Jun-2019 ,30-Sep-2019 ,31-Dec-2019 ,31-Mar-2020 ,30-Jun-2020 ,30-Sep-2020 ,31-Dec-2020 ,31-Mar-2021 ,30-Jun-2021 ,30-Sep-2021 ,31-Dec-2021 ,31-Mar-2022 ,30-Jun-2022 ,30-Sep-2022 ,31-Dec-2022 
Cash Flow-Operating Activities (THB Thousands),,,,,,,,,,,,,,,,,,,,,,,,,,,,,,,,,,,,,,,,,,,,,,,,,,,,,,,,,,,,,,,,,,,,,,,,,,,,
Net Income/Starting Line,"15,799 ","32,785 ","35,648 ","59,468 ","19,356 ","38,561 ","45,636 ","43,271 ","3,466 ","6,864 ","(17,016)","(35,078)","(5,877)","(3,832)","(3,621)","(25,457)","(26,967)","(46,596)","(83,264)","(102,852)","6,104 ","11,964 ","12,111 ","24,324 ","4,728 ","10,902 ","12,329 ","14,766 ","2,824 ","3,557 ","7,421 ","7,668 ","16,810 ","34,446 ","29,780 ","34,623 ","12,334 ","27,568 ","32,614 ","27,118 ","(11,777)","(5,204)","(1,751)","(10,113)","5,165 ","(3,379)","(18,243)","(49,491)","(31,926)","(52,969)","(89,031)","(167,649)","(37,831)","(66,877)","(44,374)","(78,749)","(11,361)","(56,332)","375,414 ","707,507 ","208,231 ","267,469 ","259,356 ","387,190 ","342,292 ","895,262 ","1,368,522 ","2,037,527 ","567,757 ","1,193,065 ","2,399,839 ","3,529,261 ","808,625 ","1,767,371 ","2,966,221 ","(6,227,742)"
Depreciation/Depletion,"2,127 ","4,341 ","6,612 ","8,870 ","2,186 ","4,316 ","6,619 ","9,032 ","3,235 ","6,076 ","9,202 ","12,540 ","3,011 ","6,085 ","9,446 ","12,177 ","2,752 ","5,476 ","8,238 ","10,997 ","2,692 ","5,469 ","8,271 ","11,081 ","2,958 ","5,991 ","9,258 ","12,559 ","3,546 ","6,724 ","10,324 ","14,083 ","3,740 ","7,593 ","11,997 ","16,466 ","4,371 ","9,042 ","14,024 ","19,354 ","5,238 ","10,841 ","16,902 ","22,953 ","5,613 ","11,226 ","16,809 ","22,303 ","5,312 ","10,487 ","15,616 ","20,598 ","4,844 ","9,654 ","14,316 ","18,814 ","2,880 ","5,507 ","125,800 ","171,461 ","45,082 ","91,361 ","138,753 ","185,761 ","54,320 ","158,194 ","260,065 ","349,783 ","96,568 ","198,306 ","312,667 ","423,133 ","108,089 ","249,792 ","331,453 ","478,514 "
Depreciation,"2,127 ","4,341 ","6,612 ","8,870 ","2,186 ","4,316 ","6,619 ","9,032 ","3,235 ","6,076 ","9,202 ","12,540 ","3,011 ","6,085 ","9,446 ","12,177 ","2,752 ","5,476 ","8,238 ","10,997 ","2,692 ","5,469 ","8,271 ","11,081 ","2,958 ","5,991 ","9,258 ","12,559 ","3,546 ","6,724 ","10,324 ","14,083 ","3,740 ","7,593 ","11,997 ","16,466 ","4,371 ","9,042 ","14,024 ","19,354 ","5,238 ","10,841 ","16,902 ","22,953 ","5,613 ","11,226 ","16,809 ","22,303 ","5,312 ","10,487 ","15,616 ","20,598 ","4,844 ","9,654 ","14,316 ","18,814 ","2,880 ","5,507 ","125,800 ","171,461 ","45,082 ","91,361 ","138,753 ","185,761 ","54,320 ","158,194 ","260,065 ","349,783 ","96,568 ","198,306 ","312,667 ","423,133 ","108,089 ","249,792 ","331,453 ","478,514 "
Amortization,"3,810 ","7,286 ","11,643 ","21,026 ","4,839 ","10,750 ","16,402 ","20,172 ","1,876 ","9,538 ","20,609 ","29,422 ","8,684 ","10,650 ","12,882 ","15,761 ","2,997 ","7,783 ","12,272 ","15,017 ","3,152 ","6,147 ","15,929 ","23,847 ","7,741 ","13,348 ","18,068 ","23,567 ","7,532 ","13,722 ","19,522 ","22,862 ","6,290 ","12,477 ","18,070 ","23,424 ","6,241 ","11,942 ","17,774 ","23,463 ","6,414 ","12,930 ","18,922 ","26,015 ","6,531 ","11,624 ","16,418 ","21,159 ","4,856 ","9,719 ","14,730 ","19,649 ","6,516 ","10,672 ","17,213 ","27,190 ","3,217 ","8,308 ","5,209 ","6,961 ","1,707 ","3,455 ","5,232 ","7,006 ","1,750 ","3,719 ","5,721 ","7,650 ","1,832 ","3,562 ","5,477 ","7,191 ",153 ,237 ,579 ,512 
Amortization of Intangibles,"3,810 ","7,286 ","11,643 ","21,026 ","4,839 ","10,750 ","16,402 ","20,172 ","1,876 ","9,538 ","20,609 ","29,422 ","8,684 ","10,650 ","12,882 ","15,761 ","2,997 ","7,783 ","12,272 ","15,017 ","3,152 ","6,147 ","15,929 ","23,847 ","7,741 ","13,348 ","18,068 ","23,567 ","7,532 ","13,722 ","19,522 ","22,862 ","6,290 ","12,477 ","18,070 ","23,424 ","6,241 ","11,942 ","17,774 ","23,463 ","6,414 ","12,930 ","18,922 ","26,015 ","6,531 ","11,624 ","16,418 ","21,159 ","4,856 ","9,719 ","14,730 ","19,649 ","6,516 ","10,672 ","17,213 ","27,190 ","3,217 ","8,308 ","5,209 ","6,961 ","1,707 ","3,455 ","5,232 ","7,006 ","1,750 ","3,719 ","5,721 ","7,650 ","1,832 ","3,562 ","5,477 ","7,191 ",153 ,237 ,579 ,512 
Non-Cash Items,"6,075 ","7,394 ","7,289 ","11,235 ","9,996 ","9,519 ","17,523 ","38,849 ","4,028 ","7,511 ","30,522 ","43,650 ","21,337 ","31,344 ","19,870 ","28,224 ","23,022 ","29,170 ","35,365 ","43,535 ","3,215 ","8,815 ","8,971 ","10,265 ","7,525 ","15,852 ","20,135 ","16,295 ",(478),(777),"5,522 ","5,719 ","9,179 ","8,727 ","25,289 ","26,161 ","3,204 ","7,851 ","5,067 ","2,882 ","8,966 ","13,583 ","23,494 ","32,590 ","3,910 ","40,245 ","23,277 ","34,251 ","24,493 ","30,849 ","39,967 ","76,601 ","27,137 ","39,593 ","38,705 ","56,455 ","15,232 ","51,747 ","244,122 ","384,176 ","92,734 ","217,041 ","501,508 ","587,417 ","177,337 ","263,303 ","430,455 ","555,335 ","127,794 ","161,392 ","1,345,340 ","1,362,045 ","202,093 ","562,149 ","1,548,418 ","3,738,048 "
Unusual Items,(255),320 ,(351),356 ,"1,380 ","1,462 ",697 ,"14,598 ",(93),(747),"3,545 ","21,700 ","8,324 ","13,821 ","15,738 ","19,361 ","13,380 ","17,960 ","23,407 ","29,682 ","14,523 ","15,368 ","17,701 ","17,669 ",271 ,"14,519 ","14,134 ","14,486 ","(9,711)",629 ,"1,945 ","8,539 ","(2,633)","(1,141)","(5,801)","(8,780)","(9,234)",935 ,"(5,348)","(15,700)","10,458 ","9,718 ","10,882 ","15,096 ","2,294 ","4,388 ","(7,595)","(15,348)","17,710 ","23,530 ","7,712 ","36,853 ","(4,298)","23,692 ","11,821 ","26,064 ","4,017 ","34,797 ",2 ,"(3,805)","(1,024)","120,774 ","201,566 ","166,563 ","(143,504)","10,259 ","(63,819)","156,500 ","(280,708)","(438,497)","(659,159)","(412,763)","(33,214)","(114,059)","456,544 ","1,606,978 "
Equity in Net Earnings (Loss),--,--,--,--,--,--,--,--,--,--,--,--,--,--,--,--,--,--,--,--,--,--,--,--,--,--,--,--,--,--,--,--,--,--,--,--,--,--,--,--,--,--,--,--,--,--,--,--,--,--,--,--,--,--,--,--,--,--,"(3,610)","(5,072)",(994),"(1,767)","(2,568)","(3,245)","(1,026)","(1,381)","(2,113)","(1,479)",(311),617 ,916 ,50 ,90 ,19 ,"1,515 ","4,274 "
Other Non-Cash Items,"6,330 ","7,074 ","7,640 ","10,879 ","8,616 ","8,057 ","16,826 ","24,251 ","4,121 ","8,258 ","26,977 ","21,950 ","13,013 ","17,523 ","4,132 ","8,863 ","9,642 ","11,210 ","11,958 ","13,853 ","(11,308)","(6,553)","(8,730)","(7,404)","7,254 ","1,332 ","6,001 ","1,809 ","9,234 ","(1,407)","3,576 ","(2,820)","11,812 ","9,868 ","31,090 ","34,941 ","12,437 ","6,915 ","10,416 ","18,582 ","(1,492)","3,865 ","12,613 ","17,494 ","1,616 ","35,857 ","30,872 ","49,599 ","6,783 ","7,319 ","32,255 ","39,747 ","31,434 ","15,901 ","26,884 ","30,392 ","11,215 ","16,949 ","247,731 ","393,053 ","94,751 ","98,034 ","302,510 ","424,099 ","321,867 ","254,425 ","496,387 ","400,314 ","408,813 ","599,272 ","2,003,583 ","1,774,757 ","235,217 ","676,189 ","1,090,359 ","2,126,796 "
Changes in Working Capital,"(11,626)","(32,599)","(30,232)","(71,456)","(62,157)","(123,430)","(180,834)","(239,190)","(9,835)","(19,209)","(35,464)","(42,195)","(31,233)","(55,519)","(52,103)","(30,991)","2,710 ","25,950 ","61,984 ","82,309 ","(4,245)","(1,069)","(21,908)","(31,028)","(5,041)","(17,501)","(20,163)","(30,029)","(12,044)","(18,906)","(29,865)","(45,997)","(24,552)","(42,766)","(58,298)","(92,378)","(27,911)","(60,586)","(77,807)","(79,784)","(38,364)","(66,555)","(94,216)","(117,532)","(33,334)","(101,366)","(96,892)","(105,281)","(9,981)","(9,314)","22,919 ","63,461 ","8,973 ","18,776 ","5,759 ","(13,859)","19,432 ","(2,355)","(512,908)","(363,051)","(25,441)","589,832 ","(497,685)","(1,063,567)","(689,438)","(20,657)","(71,852)","53,260 ","(421,511)","(772,417)","(5,285,815)","(6,547,110)","(1,971,432)","(4,623,644)","(6,645,239)","(2,619,225)"
Accounts Receivable,"(20,676)","(52,054)","(62,247)","(83,901)","(63,248)","(129,421)","(183,377)","(234,823)","13,205 ","2,395 ","4,947 ","35,778 ","(4,926)","(5,718)","4,219 ","12,511 ","53,282 ","78,399 ","118,979 ","134,650 ","9,016 ","21,611 ","34,812 ","19,173 ","14,925 ","29,352 ","46,126 ","36,164 ","(3,464)","15,175 ","9,740 ","7,543 ","(25,197)","(48,701)","(48,395)","(62,305)","(16,323)","(12,262)","(5,839)","(21,485)","(18,305)","(41,746)","(50,191)","(75,516)","(20,833)","(67,930)","(61,701)","(50,748)","(18,700)","(2,117)","8,211 ","66,490 ","27,480 ","40,977 ","52,177 ","70,475 ","3,300 ","16,975 ","(317,438)","(994,623)","128,845 ","1,813,550 ","1,823,740 ","1,463,397 ","(372,971)","(625,224)","(1,144,215)","(1,890,823)","(654,898)","(1,524,221)","(7,388,368)","(7,877,779)","862,686 ","(1,967,635)","(4,063,207)","(3,009,553)"
Inventories,"(6,022)","1,562 ","3,767 ","(12,982)","14,132 ","26,137 ","5,899 ","(12,724)","(20,126)","(40,870)","(44,102)","(57,142)","(18,026)","(28,339)","(26,046)","(21,364)","(50,829)","(63,057)","(88,642)","(92,360)","(15,214)","(32,675)","(51,923)","(46,058)","(31,098)","(66,249)","(71,552)","(70,092)","(12,289)","(19,665)","(34,414)","(33,920)","(9,149)","(12,558)","(32,375)","(38,832)","(10,774)","(46,037)","(58,305)","(61,298)","(13,675)","(8,797)","(15,757)","(22,274)","2,512 ","2,237 ","4,711 ","7,211 ","3,815 ","(7,283)","(14,216)","(41,539)","(9,919)","(19,694)","(47,817)","(59,567)","(8,082)","(20,358)","(436,068)","(641,089)","(472,277)","(570,436)","(980,064)","(307,214)","872,355 ","(144,899)","(1,261,647)","(2,202,940)","(1,650,774)","(2,530,347)","(2,216,574)","(1,621,372)","(2,517,889)","(4,506,124)","(4,695,944)","304,130 "
Prepaid Expenses,294 ,"2,388 ","1,387 ","(2,822)","(1,837)",(735),95 ,"3,556 ",63 ,"(3,077)","(3,305)","(4,081)",(382),"3,415 ","2,899 ",--,--,--,--,--,--,--,--,--,--,--,--,--,--,--,--,--,--,--,--,--,--,--,--,--,--,--,--,--,--,--,--,--,--,--,--,--,--,--,--,--,--,--,--,--,--,--,--,--,--,--,--,--,--,--,--,--,--,--,--,--
Other Assets,(859),"2,509 ","1,824 ","1,951 ","(3,753)","(2,973)","(8,953)","(4,943)",(894),"1,455 ",353 ,"(4,375)",(77),"(1,696)","3,342 ","4,353 ",41 ,"7,578 ","6,893 ","6,867 ",683 ,(256),(957),"(2,292)","3,904 ","1,100 ","2,242 ","2,010 ","(5,917)","(13,687)","(6,371)",(35),666 ,469 ,"1,891 ","1,372 ",(111),(649),"(1,039)",(363),"(1,853)","(2,184)","(1,781)","1,635 ",833 ,"1,625 ","2,534 ","1,731 ",490 ,"1,371 ","2,930 ","3,232 ","(1,424)",14 ,445 ,(95),(15),819 ,925 ,"(38,145)","(29,689)","(26,830)","(23,211)","(13,767)","50,562 ","47,686 ","55,852 ","(48,048)","(53,310)","(41,139)","(59,384)","(98,648)","(715,951)","21,459 ","77,613 ","194,504 "
Accounts Payable,"2,412 ","(5,728)","2,254 ","(7,933)","(10,845)","(1,917)","7,040 ","4,001 ",(325),"25,142 ","22,810 ","10,565 ","(7,090)","(15,749)","(23,934)","(16,297)","1,971 ","6,129 ","31,752 ","43,090 ","(1,173)","2,192 ","(2,926)","(1,434)","2,616 ","7,263 ","(1,334)","(5,071)","3,746 ",--,--,--,--,--,--,--,--,--,--,--,--,--,--,--,--,--,--,--,--,--,--,--,--,--,--,--,--,--,--,--,--,--,--,--,--,--,--,--,--,--,--,--,--,--,--,--
Accrued Expenses,"4,529 ","2,933 ","1,501 ","8,931 ","(6,908)","(4,441)","7,257 ","22,515 ","1,994 ","(3,750)","(14,657)","(18,720)","(1,910)",(241),(708),"(2,103)",156 ,"4,543 ","7,949 ","9,163 ","2,719 ","7,829 ","1,876 ","4,219 ","6,200 ","13,321 ","10,927 ","17,311 ","8,392 ","8,212 ","11,737 ","15,850 ","1,944 ","5,652 ","2,922 ","4,744 ","4,428 ","8,508 ","12,404 ","14,630 ","2,376 ","3,477 ","3,497 ","2,807 ","1,945 ","2,328 ",(95),"1,431 ","1,397 ","1,120 ","1,456 ",--,593 ,742 ,"1,830 ","21,165 ",948 ,"3,946 ",--,--,--,--,--,--,--,--,--,--,--,--,--,--,--,--,--,--
Payable/Accrued,--,--,--,--,--,--,--,--,--,--,--,--,--,--,--,--,--,--,--,--,--,--,--,--,--,--,--,--,--,"(4,632)","(2,479)","(23,531)","8,636 ","17,838 ","27,686 ","13,561 ",180 ,"(5,374)","(10,165)","7,110 ",(8),"(4,170)","(9,368)","4,370 ","(15,803)","(28,397)","(21,784)","(36,895)","3,341 ","(1,803)","27,529 ","37,347 ","(9,753)","(3,164)",553 ,"(41,562)","24,552 ","(1,812)","327,266 ","1,434,215 ","370,275 ","(207,320)","(724,682)","(1,480,313)","(1,054,989)","1,128,959 ","3,026,300 ","5,100,046 ","2,168,310 ","3,781,668 ","5,223,851 ","4,352,858 ","998,287 ","3,097,678 ","3,570,114 ","1,357,089 "
Taxes Payable,"7,452 ","14,118 ","17,860 ","24,789 ","11,458 ","(8,231)","(8,197)","(18,198)",(865),"(1,256)","(2,381)","(8,633)",--,--,--,--,--,--,--,--,--,--,--,--,--,--,--,--,--,--,--,--,--,--,--,--,--,--,--,--,--,--,--,--,--,--,--,--,--,--,--,--,--,--,--,--,--,--,--,--,--,--,--,--,--,--,--,--,--,--,--,--,--,--,--,--
Other Liabilities,"1,244 ","1,673 ","3,422 ",511 ,"(1,156)","(1,849)",(598),"1,426 ","(2,887)",752 ,871 ,"4,413 ","1,840 ","(5,792)","(3,393)","(4,334)","1,879 ",(700),"(3,314)","(4,430)",341 ,574 ,262 ,"1,027 ","1,546 ","3,387 ","1,887 ",402 ,"(1,311)",650 ,936 ,191 ,459 ,957 ,811 ,"1,745 ",(525),602 ,"1,449 ",752 ,(860),(334),(511),"(1,466)",619 ,873 ,(785),"(1,178)","1,013 ",(36),(50),"1,056 ",(157),(855),(592),"(2,684)",407 ,139 ,(198),"18,495 ","(16,223)","(28,935)","(19,234)","(15,160)","(1,721)","(6,860)",(834),"15,671 ","(19,309)","(17,862)","(18,825)","(25,839)","(3,818)","38,336 ","35,030 ","(2,046)"
Other Operating Cash Flow,--,--,--,--,--,--,--,--,--,--,--,--,(662),"(1,399)","(8,482)","(3,757)","(3,790)","(6,942)","(11,633)","(14,671)",(617),(344),"(3,052)","(5,663)","(3,134)","(5,676)","(8,460)","(10,753)","(1,201)","(4,959)","(9,012)","(12,096)","(1,910)","(6,422)","(10,838)","(12,664)","(4,785)","(5,374)","(16,312)","(19,130)","(6,040)","(12,801)","(20,105)","(27,086)","(2,607)","(12,103)","(19,771)","(26,834)","(1,337)",(566),"(2,941)","(3,124)","2,153 ",757 ,(837),"(1,590)","(1,678)","(2,064)","(87,396)","(141,904)","(6,372)","(390,198)","(574,235)","(710,510)","(182,674)","(420,319)","(747,309)","(920,647)","(211,530)","(440,516)","(826,514)","(1,276,330)","(594,747)","(1,307,359)","(1,568,846)","(1,463,349)"
Cash from Operating Activities,"16,185 ","19,207 ","30,960 ","29,143 ","(25,780)","(60,284)","(94,654)","(127,866)","2,770 ","10,780 ","7,853 ","8,339 ","(4,078)","(11,272)","(13,526)",(286),"4,514 ","21,783 ","34,595 ","49,006 ","10,918 ","31,326 ","23,374 ","38,489 ","17,910 ","28,591 ","39,627 ","37,157 ","1,380 ","4,319 ","12,923 ","4,334 ","11,467 ","20,478 ","26,839 ","8,296 ","(1,761)","(4,184)","(8,328)","(6,966)","(29,523)","(34,405)","(36,649)","(46,086)","(12,114)","(41,650)","(58,630)","(77,060)","(7,246)","(11,228)","4,200 ","12,659 ","9,639 ","11,819 ","31,619 ","9,850 ","29,400 ","6,875 ","237,637 ","907,054 ","322,313 ","1,169,158 ","407,164 ","103,808 ","(113,739)","1,299,821 ","1,992,911 ","3,003,555 ","372,440 ","783,907 ","(1,222,492)","(1,225,481)","(852,473)","(2,044,095)","(1,798,569)","(4,629,893)"
,,,,,,,,,,,,,,,,,,,,,,,,,,,,,,,,,,,,,,,,,,,,,,,,,,,,,,,,,,,,,,,,,,,,,,,,,,,,
Cash Flow-Investing Activities (THB Thousands),,,,,,,,,,,,,,,,,,,,,,,,,,,,,,,,,,,,,,,,,,,,,,,,,,,,,,,,,,,,,,,,,,,,,,,,,,,,
Capital Expenditures,"(6,697)","(11,837)","(19,322)","(23,273)","(5,733)","(16,106)","(25,488)","(33,855)","(7,740)","(11,178)","(18,676)","(24,317)","(5,210)","(6,181)","(8,935)","(13,441)","(4,798)","(7,770)","(12,407)","(20,050)","(8,425)","(16,735)","(16,058)","(31,620)","(6,644)","(13,975)","(24,975)","(36,251)","(28,694)","(33,423)","(46,405)","(53,802)","(7,642)","(24,495)","(30,342)","(37,880)","(13,129)","(46,194)","(60,428)","(76,811)","(7,331)","(17,309)","(26,647)","(30,678)","(5,024)","(13,553)","(20,260)","(25,903)","(5,946)","(10,628)","(14,288)","(18,739)","(5,097)","(8,500)","(14,107)","(17,958)","(4,643)","(9,448)","(223,027)","(376,082)","(32,613)","(90,603)","(326,009)","(478,117)","(129,101)","(177,171)","(233,598)","(319,970)","(104,813)","(83,151)","(171,437)","(181,675)","(89,853)","(184,598)","(182,167)","(152,942)"
Purchase of Fixed Assets,"(2,915)","(4,120)","(4,672)","(5,761)",(756),"(3,620)","(6,613)","(9,064)",(777),"(1,170)","(2,120)","(2,563)","(2,731)","(3,018)","(3,103)","(4,064)","(1,107)",(544),"(1,035)","(1,936)","(1,131)","(2,545)","(3,049)","(5,591)",(225),(784),"(7,670)","(15,690)","(16,846)","(20,175)","(26,226)","(31,304)","(4,459)","(18,741)","(20,923)","(24,454)","(9,185)","(16,877)","(22,406)","(32,548)","(2,478)","(7,442)","(8,043)","(8,980)","(1,024)","(2,201)","(3,940)","(4,791)",(360),(548),(903),"(1,087)",(419),(522),(685),(791),(10),(66),"(222,980)","(376,034)","(32,423)","(90,206)","(325,613)","(477,721)","(129,022)","(177,083)","(233,413)","(319,780)","(104,813)","(83,151)","(171,437)","(181,660)","(89,661)","(184,549)","(181,972)","(152,736)"
Purchase/Acquisition of Intangibles,"(3,782)","(7,717)","(14,650)","(17,512)","(4,977)","(12,486)","(18,875)","(24,791)","(6,963)","(10,008)","(16,556)","(21,754)","(2,479)","(3,163)","(5,832)","(9,377)","(3,691)","(7,226)","(11,372)","(18,114)","(7,294)","(14,190)","(13,009)","(26,029)","(6,419)","(13,191)","(17,306)","(20,561)","(11,849)","(13,247)","(20,180)","(22,498)","(3,183)","(5,754)","(9,419)","(13,426)","(3,943)","(29,317)","(38,022)","(44,263)","(4,853)","(9,867)","(18,605)","(21,698)","(4,000)","(11,352)","(16,320)","(21,113)","(5,586)","(10,081)","(13,385)","(17,653)","(4,678)","(7,978)","(13,422)","(17,167)","(4,633)","(9,382)",(48),(48),(190),(396),(396),(396),(79),(88),(185),(190),0 ,0 ,0 ,(15),(191),(49),(196),(206)
"Other Investing Cash Flow Items, Total","(4,032)","(8,124)","(4,172)","2,343 ","1,389 ","2,274 ","2,809 ","9,833 ","1,257 ","12,362 ","12,279 ","21,536 ",150 ,427 ,895 ,869 ,"(1,037)","(3,923)",(606),(517),"3,154 ",(182),(73),"3,674 ",263 ,420 ,(584),(599),582 ,816 ,567 ,320 ,(163),"9,711 ","8,613 ","9,745 ","(11,709)",534 ,"1,028 ",106 ,(55),"4,278 ","4,011 ","4,059 ",(22),"1,851 ","5,892 ","10,281 ",23 ,"1,469 ","1,724 ","1,644 ","3,322 ","3,394 ","4,259 ","4,270 ",9 ,"34,301 ","(226,166)","(440,860)","92,859 ","101,789 ","449,288 ","(142,012)","(6,246,210)","(6,363,541)","(6,528,357)","(6,211,839)","(67,399)","(107,381)","(187,171)","(224,346)","(51,286)","6,643 ","8,476 ","(709,525)"
Acquisition of Business,--,--,--,--,--,--,--,--,--,--,--,--,--,--,--,--,--,--,--,--,--,--,--,--,--,--,--,--,--,--,--,--,--,--,--,--,--,--,--,--,--,--,--,--,--,--,--,--,--,--,--,--,--,--,--,--,--,--,--,0 ,--,--,--,"(1,550,000)","(6,266,602)","(6,526,233)","(6,526,233)","(6,526,233)",--,--,--,--,--,--,--,--
Sale of Business,--,--,--,--,--,--,--,--,--,--,--,--,--,--,--,--,--,--,--,--,--,--,--,--,--,--,--,--,--,--,--,--,--,--,--,--,--,--,--,--,--,--,--,--,--,--,--,--,--,--,--,--,--,--,--,--,--,--,--,--,0 ,0 ,0 ,0 ,--,"246,284 ","246,284 ","246,284 ",0 ,0 ,0 ,0 ,--,--,--,--
Sale of Fixed Assets,--,--,--,--,--,--,0 ,--,--,--,70 ,70 ,--,--,817 ,0 ,--,373 ,373 ,0 ,0 ,0 ,0 ,200 ,187 ,290 ,187 ,187 ,0 ,--,0 ,0 ,--,"9,626 ","9,630 ","9,643 ",280 ,"12,892 ","13,376 ","13,376 ",0 ,"4,280 ","4,280 ","4,280 ",--,0 ,--,97 ,--,"1,455 ","1,455 ","1,357 ",--,56 ,87 ,87 ,--,"32,280 ",0 ,"1,574 ",0 ,0 ,0 ,0 ,394 ,"4,575 ","5,401 ",949 ,0 ,0 ,0 ,0 ,--,--,"1,945 ","5,135 "
Sale/Maturity of Investment,--,--,--,0 ,--,--,0 ,"4,998 ",--,"10,591 ","14,617 ","24,577 ",--,0 ,--,817 ,--,--,--,373 ,--,--,--,0 ,--,--,--,--,--,--,--,--,--,--,--,--,--,--,--,--,--,--,--,--,--,"4,828 ","9,070 ","13,312 ",--,--,0 ,--,"3,298 ","3,298 ",--,"3,298 ",0 ,0 ,0 ,0 ,--,--,"350,000 ","350,000 ",--,--,--,0 ,--,--,--,--,--,--,--,--
"Investment, Net",--,--,--,--,--,--,--,--,--,--,--,--,--,--,--,--,--,--,--,--,--,--,--,--,--,--,--,--,--,--,--,--,--,--,--,--,--,--,--,--,--,--,--,--,--,--,--,--,--,--,--,--,--,--,--,--,--,--,--,(6),--,--,--,--,--,--,--,--,--,--,--,"(25,315)",--,--,--,0 
Purchase of Investments,--,--,--,--,--,--,--,--,--,--,--,"(5,176)",--,--,--,(457),--,--,--,--,--,--,--,--,--,--,--,--,--,--,--,--,--,--,--,--,--,(449),(449),(449),--,0 ,0 ,0 ,--,--,--,--,--,--,--,"(3,298)",--,--,"(3,298)",--,--,--,"(394,616)","(399,466)",(3),(12),--,--,--,--,--,--,--,--,--,--,--,--,--,--
Other Investing Cash Flow,"(4,032)","(8,124)","(4,172)","2,343 ","1,389 ","2,274 ","2,809 ","4,835 ","1,257 ","1,771 ","(2,408)","2,065 ",150 ,427 ,78 ,509 ,"(1,037)","(4,296)",(979),(890),"3,154 ",(182),(73),"3,474 ",77 ,130 ,(771),(786),582 ,816 ,567 ,320 ,(163),85 ,"(1,017)",102 ,"(11,989)","(11,909)","(11,898)","(12,820)",(55),(1),(268),(221),(22),"(2,977)","(3,179)","(3,127)",23 ,13 ,269 ,"3,585 ",23 ,39 ,"7,470 ",884 ,9 ,"2,020 ","168,450 ","(42,963)","92,863 ","101,801 ","99,288 ","1,057,988 ","19,997 ","(88,166)","(253,810)","67,161 ","(67,399)","(107,381)","(187,171)","(199,032)","(51,286)","6,643 ","6,531 ","(714,661)"
Cash from Investing Activities,"(10,729)","(19,961)","(23,494)","(20,930)","(4,344)","(13,832)","(22,679)","(24,022)","(6,483)","1,184 ","(6,397)","(2,781)","(5,060)","(5,754)","(8,040)","(12,572)","(5,835)","(11,693)","(13,013)","(20,567)","(5,271)","(16,917)","(16,131)","(27,946)","(6,381)","(13,555)","(25,560)","(36,850)","(28,113)","(32,607)","(45,838)","(53,482)","(7,805)","(14,784)","(21,729)","(28,135)","(24,837)","(45,660)","(59,400)","(76,705)","(7,386)","(13,031)","(22,636)","(26,619)","(5,045)","(11,702)","(14,368)","(15,622)","(5,923)","(9,160)","(12,564)","(17,096)","(1,775)","(5,106)","(9,847)","(13,688)","(4,634)","24,852 ","(449,193)","(816,942)","60,247 ","11,186 ","123,278 ","(620,129)","(6,375,310)","(6,540,712)","(6,761,955)","(6,531,809)","(172,212)","(190,531)","(358,608)","(406,021)","(141,138)","(177,955)","(173,691)","(862,467)"
,,,,,,,,,,,,,,,,,,,,,,,,,,,,,,,,,,,,,,,,,,,,,,,,,,,,,,,,,,,,,,,,,,,,,,,,,,,,
Cash Flow-Financing Activities (THB Thousands),,,,,,,,,,,,,,,,,,,,,,,,,,,,,,,,,,,,,,,,,,,,,,,,,,,,,,,,,,,,,,,,,,,,,,,,,,,,
Financing Cash Flow Items,0 ,0 ,0 ,--,"110,120 ","110,120 ","110,120 ",--,0 ,0 ,0 ,--,"(3,069)","(6,050)","(9,239)","(12,217)",--,--,--,--,--,--,--,--,--,--,--,--,--,--,--,--,--,--,--,--,--,"1,881 ",60 ,60 ,--,--,0 ,0 ,--,"50,000 ",--,--,"(8,976)","13,149 ","(23,736)","18,505 ","(8,719)","(16,404)","(23,077)","(30,500)","(8,101)","(13,933)","(226,346)","(380,638)","(189,898)",--,"400,009 ","400,010 ",--,--,--,0 ,--,--,--,--,--,--,--,--
Other Financing Cash Flow,0 ,0 ,0 ,--,"110,120 ","110,120 ","110,120 ",--,0 ,0 ,0 ,--,"(3,069)","(6,050)","(9,239)","(12,217)",--,--,--,--,--,--,--,--,--,--,--,--,--,--,--,--,--,--,--,--,--,"1,881 ",60 ,60 ,--,--,0 ,0 ,--,"50,000 ",--,--,"(8,976)","13,149 ","(23,736)","18,505 ","(8,719)","(16,404)","(23,077)","(30,500)","(8,101)","(13,933)","(226,346)","(380,638)","(189,898)",--,"400,009 ","400,010 ",--,--,--,0 ,--,--,--,--,--,--,--,--
Total Cash Dividends Paid,--,0 ,0 ,0 ,--,"(36,000)","(36,000)","(36,000)",--,"(9,600)","(9,600)","(9,600)",--,0 ,--,0 ,--,--,--,--,--,--,--,--,--,--,--,--,--,"(4,800)","(4,800)","(4,800)",--,"(4,801)","(4,801)","(4,801)",--,"(1,859)","(1,859)","(1,859)",--,"(5,778)","(5,778)","(5,778)",--,--,--,0 ,--,--,--,--,--,--,--,--,--,--,--,--,--,--,--,--,--,--,--,--,--,--,--,--,--,--,--,--
Cash Dividends Paid - Common,--,0 ,0 ,0 ,--,"(36,000)","(36,000)","(36,000)",--,"(9,600)","(9,600)","(9,600)",--,0 ,--,0 ,--,--,--,--,--,--,--,--,--,--,--,--,--,"(4,800)","(4,800)","(4,800)",--,"(4,801)","(4,801)","(4,801)",--,"(1,859)","(1,859)","(1,859)",--,"(5,778)","(5,778)","(5,778)",--,--,--,0 ,--,--,--,--,--,--,--,--,--,--,--,--,--,--,--,--,--,--,--,--,--,--,--,--,--,--,--,--
"Issuance (Retirement) of Stock, Net",0 ,0 ,0 ,0 ,"70,000 ","70,000 ","70,000 ","180,120 ",0 ,0 ,0 ,0 ,--,--,--,--,--,--,--,--,--,--,--,--,--,--,--,--,--,--,0 ,0 ,63 ,63 ,63 ,"8,958 ","1,821 ",67 ,"2,784 ","2,784 ",0 ,"28,805 ","28,805 ","28,805 ",--,--,--,0 ,--,--,--,--,--,--,--,--,--,--,0 ,0 ,--,--,"1,322,932 ","1,322,932 ",--,--,--,0 ,--,--,--,"19,516 ",--,--,--,"5,580,000 "
Sale/Issuance of Common,0 ,0 ,0 ,0 ,"70,000 ","70,000 ","70,000 ","180,120 ",0 ,0 ,0 ,0 ,--,--,--,--,--,--,--,--,--,--,--,--,--,--,--,--,--,--,0 ,--,63 ,63 ,63 ,--,--,67 ,67 ,--,--,--,--,--,--,--,--,--,--,--,--,--,--,--,--,--,--,--,0 ,0 ,--,--,"1,322,932 ","1,322,932 ",--,--,--,0 ,--,--,--,"19,516 ",--,--,--,"5,580,000 "
"Common Stock, Net",0 ,0 ,0 ,0 ,"70,000 ","70,000 ","70,000 ","180,120 ",0 ,0 ,0 ,0 ,--,--,--,--,--,--,--,--,--,--,--,--,--,--,--,--,--,--,0 ,--,63 ,63 ,63 ,--,--,67 ,67 ,--,--,--,--,--,--,--,--,--,--,--,--,--,--,--,--,--,--,--,0 ,0 ,--,--,"1,322,932 ","1,322,932 ",--,--,--,0 ,--,--,--,"19,516 ",--,--,--,"5,580,000 "
Warrants Converted,--,--,--,--,--,--,--,--,--,--,--,--,--,--,--,--,--,--,--,--,--,--,--,--,--,--,--,--,--,--,--,0 ,--,--,--,"8,958 ","1,821 ",--,"2,716 ","2,784 ",0 ,"28,805 ","28,805 ","28,805 ",--,--,--,0 ,--,--,--,--,--,--,--,--,--,--,--,--,--,--,--,--,--,--,--,--,--,--,--,--,--,--,--,--
"Issuance (Retirement) of Debt, Net","(5,040)","1,466 ","(4,135)","(8,129)","(36,282)","(44,316)","(23,107)","8,257 ","4,984 ","(1,620)","8,208 ","4,136 ","12,656 ","22,432 ","32,899 ","24,474 ","1,028 ","(9,729)","(21,357)","(28,440)","(4,458)","(13,402)","(6,452)","(6,841)","(13,561)","(16,946)","(16,037)","1,381 ","23,966 ","33,583 ","38,233 ","55,931 ","(1,211)","1,038 ","2,632 ","19,081 ","21,047 ","45,927 ","64,038 ","79,064 ","34,986 ","20,768 ","33,316 ","48,617 ","13,478 ",(709),"68,642 ","89,118 ","20,655 ","5,455 ","30,916 ","(1,861)","(9,079)","(2,269)","(6,492)","30,981 ","(13,972)","(19,746)","523,927 ","345,388 ","(225,868)","(272,399)","(222,497)","(430,586)","6,665,776 ","4,592,468 ","3,788,088 ","3,272,854 ","(700,948)","(914,480)","1,345,019 ","1,541,399 ","619,340 ","2,040,745 ","1,350,831 ","5,139,496 "
Short Term Debt Issued,"1,514 ","15,488 ","15,875 ","28,733 ","32,000 ",0 ,--,"40,320 ","14,619 ","10,144 ","13,744 ","15,851 ",0 ,"4,586 ","18,620 ","1,270 ","8,313 ","9,514 ","10,614 ","2,258 ",--,"1,913 ","10,171 ","12,479 ",--,--,358 ,"9,370 ","16,739 ","30,440 ","42,155 ","58,438 ",--,"3,626 ","8,907 ",--,--,"62,906 ","5,200 ","5,200 ",--,--,--,0 ,--,--,--,--,--,--,0 ,--,--,"2,500 ","2,500 ","25,000 ","5,000 ","15,000 ","596,375 ","559,858 ","60,000 ","105,000 ","95,000 ","300,000 ","30,000 ","35,000 ","275,000 ","655,024 ","39,529 ","65,000 ","415,000 ","415,000 ",--,"71,418 ","1,960 ","272,936 "
Short Term Debt Reduction,--,"(1,668)","(1,668)","(11,913)","(61,758)","(31,989)","(4,771)","(13,733)","(4,984)",(577),"(2,015)","(3,714)","(1,770)","6,739 ","(27,376)","(10,684)",0 ,"(7,000)","(13,500)","(1,000)",58 ,"2,000 ","2,400 ","1,800 ","(6,831)","(5,251)","(1,800)","(2,400)",(400),"(1,400)","(1,400)","(1,400)","(1,723)",0 ,0 ,--,"(5,000)","(5,000)","(5,000)","(10,200)",0 ,0 ,--,0 ,--,--,--,"(15,000)",--,--,--,--,--,0 ,0 ,0 ,--,"(20,000)","(115,000)","(209,500)","(185,734)","(484,334)","(569,635)","(771,247)","(194,285)","(3,185,635)","(4,257,755)","(5,266,921)","(7,809,270)","(8,863,635)","(9,791,733)","(12,233,186)","(576,578)","(4,029,520)","(6,670,878)","(2,251,659)"
"Short Term Debt, Net","1,514 ","13,820 ","14,207 ","16,820 ","(29,758)","(31,989)","(4,771)","26,587 ","9,635 ","9,567 ","11,729 ","12,137 ","(1,770)","11,325 ","(8,756)","(9,414)","8,313 ","2,514 ","(2,886)","1,258 ",58 ,"3,913 ","12,571 ","14,279 ","(6,831)","(5,251)","(1,442)","6,970 ","16,339 ","29,040 ","40,755 ","57,038 ","(1,723)","3,626 ","8,907 ","29,070 ","27,532 ","57,906 ","83,806 ","96,650 ","41,006 ","35,487 ","54,891 ","75,731 ","21,288 ","12,273 ","86,051 ","111,026 ","25,325 ","13,804 ","42,192 ","12,413 ","(5,988)","(4,036)","(6,343)","28,701 ","(12,098)","(9,384)","481,375 ","350,358 ","(74,850)","29,682 ","399,895 ","763,754 ","5,192,946 ","3,122,921 ","2,640,463 ","1,964,520 ","(4,907,718)","(4,981,951)","(4,615,233)","(3,898,021)","1,179,001 ","765,246 ","472,933 ","871,913 "
Long Term Debt Issued,--,--,--,0 ,0 ,0 ,0 ,"7,000 ","2,500 ","4,602 ","18,455 ","26,580 ","29,319 ","37,991 ","121,471 ","136,941 ",0 ,--,--,500 ,--,--,0 ,0 ,0 ,--,"2,000 ","12,579 ","16,700 ","19,560 ","20,560 ","22,321 ","2,200 ","2,200 ","2,200 ","2,200 ",--,0 ,0 ,--,--,--,--,--,--,--,--,--,--,--,0 ,--,--,"7,500 ","7,500 ","12,000 ",--,0 ,"135,000 ","503,510 ",0 ,0 ,"68,000 ","228,000 ","1,583,105 ","1,855,311 ","1,830,592 ","2,184,109 ","4,521,969 ","4,688,969 ","7,142,426 ","7,014,597 ",0 ,"4,477,072 ","4,477,072 ","8,459,925 "
Long Term Debt Reduction,"(6,554)","(12,354)","(18,342)","(24,949)","(6,524)","(12,327)","(18,336)","(25,330)","(7,151)","(15,789)","(21,976)","(34,581)","(14,893)","(26,884)","(79,816)","(103,053)","(7,285)","(12,243)","(18,471)","(30,198)","(4,516)","(7,315)","(10,081)","(11,988)","(5,862)","(10,827)","(15,727)","(18,447)","(7,926)","(14,355)","(21,935)","(23,419)",(551),"(4,098)","(8,560)","(12,657)","(4,879)","(10,374)","(18,162)","(15,980)","(6,020)","(14,719)","(21,575)","(27,114)","(7,810)","(12,982)","(17,409)","(21,908)","(4,669)","(8,350)","(11,276)","(14,274)","(3,091)","(5,733)","(7,649)","(9,720)","(1,875)","(10,362)","(92,448)","(508,481)","(151,017)","(302,081)","(690,392)","(1,422,340)","(110,275)","(385,764)","(682,967)","(875,776)","(315,198)","(621,498)","(1,182,174)","(1,575,177)","(559,661)","(3,201,573)","(3,599,175)","(4,192,341)"
"Long Term Debt, Net","(6,554)","(12,354)","(18,342)","(24,949)","(6,524)","(12,327)","(18,336)","(18,330)","(4,651)","(11,187)","(3,521)","(8,001)","14,426 ","11,107 ","41,655 ","33,888 ","(7,285)","(12,243)","(18,471)","(29,698)","(4,516)","(17,315)","(19,023)","(21,120)","(6,730)","(11,696)","(14,595)","(5,589)","7,627 ","4,543 ","(2,523)","(1,107)",512 ,"(2,588)","(6,275)","(9,988)","(6,485)","(11,980)","(19,768)","(17,586)","(6,020)","(14,719)","(21,575)","(27,114)","(7,810)","(12,982)","(17,409)","(21,908)","(4,669)","(8,350)","(11,276)","(14,274)","(3,091)","1,767 ",(149),"2,280 ","(1,875)","(10,362)","42,552 ","(4,971)","(151,017)","(302,081)","(622,392)","(1,194,340)","1,472,830 ","1,469,547 ","1,147,625 ","1,308,333 ","4,206,771 ","4,067,471 ","5,960,252 ","5,439,420 ","(559,661)","1,275,499 ","877,897 ","4,267,584 "
Total Debt Issued,--,--,--,--,--,--,--,--,--,--,--,--,--,--,--,--,--,--,--,--,--,--,--,--,--,--,--,--,--,--,--,--,--,--,--,--,--,--,--,--,--,--,--,--,--,--,--,--,--,--,--,--,--,--,--,--,--,--,0 ,0 ,--,--,--,--,--,--,--,--,--,--,--,--,--,--,--,--
Cash from Financing Activities,"(5,040)","1,466 ","(4,135)","(8,129)","143,838 ","99,804 ","121,013 ","152,377 ","4,984 ","(11,220)","(1,392)","(5,464)","9,587 ","16,382 ","23,660 ","12,257 ","1,028 ","(9,729)","(21,357)","(28,440)","(4,458)","(13,402)","(6,452)","(6,841)","(13,561)","(16,946)","(16,037)","1,381 ","23,966 ","28,783 ","33,433 ","51,131 ","(1,148)","(3,700)","(2,107)","23,238 ","22,868 ","46,015 ","65,023 ","80,049 ","34,986 ","43,795 ","56,342 ","71,644 ","13,478 ","49,291 ","68,642 ","89,118 ","11,680 ","18,604 ","7,180 ","16,645 ","(17,798)","(18,673)","(29,569)",481 ,"(22,073)","(33,680)","297,581 ","(35,250)","(415,766)","(272,399)","1,500,445 ","1,292,356 ","6,665,776 ","4,592,468 ","3,788,088 ","3,272,854 ","(700,948)","(914,480)","1,345,019 ","1,560,915 ","619,340 ","2,040,745 ","1,350,831 ","10,719,496 "
,,,,,,,,,,,,,,,,,,,,,,,,,,,,,,,,,,,,,,,,,,,,,,,,,,,,,,,,,,,,,,,,,,,,,,,,,,,,
Foreign Exchange Effects,--,--,--,--,--,--,--,--,--,--,--,--,--,--,--,--,--,--,--,--,--,--,--,--,--,--,--,--,--,--,--,--,--,--,--,--,--,--,--,--,--,--,--,--,--,--,--,--,--,--,--,--,--,--,--,--,--,--,--,--,--,--,0 ,0 ,0 ,"(10,505)",(362),"(19,712)","15,193 ","44,160 ","214,809 ","(55,966)","(8,194)","(122,291)","45,432 ","(139,058)"
Net Change in Cash,416 ,712 ,"3,331 ",84 ,"113,714 ","25,688 ","3,680 ",488 ,"1,271 ",744 ,64 ,93 ,449 ,(644),"2,094 ",(601),(293),362 ,224 ,(2),"1,190 ","1,005 ",789 ,"3,704 ","(2,032)","(1,910)","(1,970)","1,688 ","(2,766)",496 ,517 ,"1,982 ","2,514 ","1,993 ","3,004 ","3,399 ","(3,731)","(3,828)","(2,705)","(3,623)","(1,923)","(3,641)","(2,942)","(1,062)","(3,682)","(4,061)","(4,357)","(3,564)","(1,489)","(1,784)","(1,184)","12,208 ","(9,935)","(11,960)","(7,798)","(3,356)","2,693 ","(1,953)","86,025 ","54,861 ","(33,206)","907,945 ","2,030,887 ","776,035 ","176,726 ","(658,927)","(981,318)","(275,112)","(485,525)","(276,944)","(21,272)","(126,552)","(382,466)","(303,596)","(575,997)","5,088,079 "
,,,,,,,,,,,,,,,,,,,,,,,,,,,,,,,,,,,,,,,,,,,,,,,,,,,,,,,,,,,,,,,,,,,,,,,,,,,,
Net Cash - Beginning Balance,705 ,705 ,705 ,705 ,790 ,790 ,790 ,790 ,"1,278 ","1,278 ","1,278 ","1,278 ","1,371 ","1,371 ","1,371 ","1,371 ",771 ,771 ,771 ,771 ,768 ,768 ,768 ,768 ,"4,472 ","4,472 ","4,472 ","4,472 ","6,160 ","6,160 ","6,160 ","6,160 ","8,142 ","8,142 ","8,142 ","8,142 ","11,542 ","11,542 ","11,542 ","11,542 ","7,919 ","7,919 ","7,919 ","7,919 ","5,994 ","5,994 ","5,994 ","5,994 ","2,430 ","2,430 ","2,430 ","2,430 ","14,638 ","14,638 ","14,638 ","14,638 ","11,282 ","11,282 ","479,951 ","600,245 ","655,106 ","655,106 ","655,106 ","655,106 ","1,431,142 ","1,431,142 ","1,431,142 ","1,431,142 ","1,156,030 ","1,156,030 ","1,156,030 ","1,156,030 ","1,029,478 ","1,029,478 ","1,029,478 ","1,029,478 "
Net Cash - Ending Balance,"1,121 ","1,417 ","4,036 ",790 ,"114,504 ","26,478 ","4,470 ","1,278 ","2,549 ","2,022 ","1,342 ","1,371 ","1,820 ",727 ,"3,465 ",771 ,478 ,"1,133 ",995 ,768 ,"1,958 ","1,773 ","1,558 ","4,472 ","2,440 ","2,562 ","2,502 ","6,160 ","3,393 ","6,656 ","6,677 ","8,142 ","10,656 ","10,135 ","11,146 ","11,542 ","7,811 ","7,714 ","8,837 ","7,919 ","5,997 ","4,278 ","4,977 ","6,857 ","2,312 ","1,933 ","1,637 ","2,430 ",941 ,646 ,"1,246 ","14,638 ","4,704 ","2,678 ","6,841 ","11,282 ","13,975 ","9,329 ","565,977 ","655,106 ","621,900 ","1,563,051 ","2,685,993 ","1,431,142 ","1,607,868 ","772,214 ","449,823 ","1,156,030 ","670,505 ","879,086 ","1,134,758 ","1,029,478 ","647,012 ","725,882 ","453,481 ","6,117,557 "
Cash Interest Paid,"4,452 ","7,317 ","10,928 ","14,251 ","1,875 ","3,131 ","4,561 ","6,558 ","2,503 ","5,260 ","8,403 ","11,481 ","3,069 ","6,050 ","9,239 ","12,217 ","3,790 ","6,942 ","9,466 ","11,749 ","3,145 ","5,467 ","7,661 ","9,403 ","2,573 ","4,526 ","6,607 ","8,293 ","2,917 ","6,024 ","9,298 ","11,668 ","3,749 ","7,488 ","11,030 ","14,591 ","3,883 ","3,795 ","13,556 ","17,608 ","4,998 ","10,818 ","16,814 ","22,886 ","6,175 ","13,894 ","21,203 ","27,523 ","8,976 ","16,851 ","23,736 ","32,850 ","8,719 ","16,404 ","23,077 ","30,500 ","8,101 ","13,933 ","226,346 ","362,422 ","189,898 ","321,921 ","458,826 ","572,289 ","172,146 ","385,326 ","565,529 ","670,577 ","163,333 ","368,266 ","606,991 ","852,807 ","242,535 ","687,183 ","859,418 ","1,081,292 "
Cash Taxes Paid,"1,071 ","1,931 ","2,974 ","2,905 ",732 ,"27,987 ","33,986 ","44,564 ","3,544 ","5,946 ","10,886 ","12,130 ",678 ,"1,433 ","8,526 ","3,896 ",0 ,0 ,"2,167 ","2,922 ","(2,528)","(5,123)","(4,609)","(3,740)",561 ,"1,150 ","1,852 ","2,460 ","(1,716)","(1,065)",(286),428 ,"(1,839)","(1,066)",(191),"(1,928)",902 ,"1,579 ","2,756 ","1,522 ","1,042 ","1,983 ","3,292 ","4,200 ","(3,569)","(1,791)","(1,431)",(690),"1,337 ",566 ,"2,941 ","3,124 ","1,645 ","3,042 ","4,621 ","5,374 ","1,678 ","2,064 ","99,985 ","149,531 ","8,761 ","70,420 ","117,549 ","131,481 ","1,994 ","34,780 ","182,932 ","247,736 ","45,649 ","71,855 ","224,642 ","412,408 ","354,484 ","618,700 ","710,433 ","688,863 "
"Lease liability Reduced, Supplemental",--,--,--,--,--,--,--,--,--,--,--,--,--,--,--,--,--,--,--,--,--,--,--,--,--,--,--,--,--,--,--,--,--,--,--,--,--,--,--,--,--,--,--,--,--,--,--,--,--,--,--,--,--,--,--,--,--,--,--,--,"(4,179)","(8,405)","(12,678)","(16,999)","(13,036)","(30,439)","(44,462)","(61,858)","(18,649)","(42,962)","(61,770)","(54,932)","(19,951)","(45,543)","(77,326)","(74,887)"
Net Changes in Working Capital,"(11,626)","(32,599)","(30,232)","(71,456)","(62,157)","(123,430)","(180,834)","(239,190)","(9,835)","(19,209)","(35,464)","(42,195)","(30,571)","(54,120)","(43,621)","(27,234)","6,500 ","32,892 ","73,617 ","96,980 ","(3,628)",(725),"(18,856)","(25,365)","(1,907)","(11,825)","(11,704)","(19,276)","(10,843)","(13,947)","(20,853)","(33,902)","(22,642)","(36,344)","(47,459)","(79,714)","(23,126)","(55,212)","(61,495)","(60,654)","(32,324)","(53,754)","(74,111)","(90,446)","(30,727)","(89,263)","(77,120)","(78,448)","(8,644)","(8,748)","25,859 ","66,585 ","6,819 ","18,020 ","6,596 ","(12,269)","21,110 ",(290),"(425,513)","(221,147)","(19,068)","980,029 ","76,549 ","(353,056)","(506,764)","399,662 ","675,457 ","973,906 ","(209,982)","(331,902)","(4,459,300)","(5,270,780)","(1,376,685)","(3,316,285)","(5,076,394)","(1,155,876)"
,,,,,,,,,,,,,,,,,,,,,,,,,,,,,,,,,,,,,,,,,,,,,,,,,,,,,,,,,,,,,,,,,,,,,,,,,,,,
Free Cash Flow,"9,488 ","7,370 ","11,638 ","5,870 ","(31,513)","(76,390)","(120,142)","(161,721)","(4,970)",(398),"(10,823)","(15,978)","(9,288)","(17,453)","(22,461)","(13,727)",(284),"14,013 ","22,188 ","28,956 ","2,493 ","14,591 ","7,316 ","6,869 ","11,266 ","14,616 ","14,652 ",906 ,"(27,314)","(29,103)","(33,482)","(49,468)","3,825 ","(4,018)","(3,503)","(29,584)","(14,890)","(50,377)","(68,756)","(83,777)","(36,854)","(51,715)","(63,296)","(76,764)","(17,138)","(55,203)","(78,890)","(102,963)","(13,192)","(21,856)","(10,088)","(6,080)","4,541 ","3,319 ","17,512 ","(8,108)","24,757 ","(2,573)","14,610 ","530,972 ","289,700 ","1,078,555 ","81,154 ","(374,310)","(242,839)","1,122,650 ","1,759,313 ","2,683,585 ","267,628 ","700,757 ","(1,393,929)","(1,407,155)","(942,326)","(2,228,693)","(1,980,736)","(4,782,835)"
,,,,,,,,,,,,,,,,,,,,,,,,,,,,,,,,,,,,,,,,,,,,,,,,,,,,,,,,,,,,,,,,,,,,,,,,,,,,
