Super Energy Corporation PCL | Balance Sheet                                25-Sep-2024 16:27,,,,,,,,,,,,,,,,,,,,,,,,,,,,,,,,,,,,,,,,,,,,,,,,,,,,,,,,,,,,,,,,,,,,,,,,,,,,,,,
,,,,,,,,,,,,,,,,,,,,,,,,,,,,,,,,,,,,,,,,,,,,,,,,,,,,,,,,,,,,,,,,,,,,,,,,,,,,,,,
Balance Sheet,,,,,,,,,,,,,,,,,,,,,,,,,,,,,,,,,,,,,,,,,,,,,,,,,,,,,,,,,,,,,,,,,,,,,,,,,,,,,,,
Quarterly Standardised in Thousands of Thai Baht,,,,,,,,,,,,,,,,,,,,,,,,,,,,,,,,,,,,,,,,,,,,,,,,,,,,,,,,,,,,,,,,,,,,,,,,,,,,,,,
,2004,2005,,,,2006,,,,2007,,,,2008,,,,2009,,,,2010,,,,2011,,,,2012,,,,2013,,,,2014,,,,2015,,,,2016,,,,2017,,,,2018,,,,2019,,,,2020,,,,2021,,,,2022,,,,2023,,,,2024,
, Dec-2004, Mar-2005, Jun-2005, Sep-2005, Dec-2005, Mar-2006, Jun-2006, Sep-2006, Dec-2006, Mar-2007, Jun-2007, Sep-2007, Dec-2007, Mar-2008, Jun-2008, Sep-2008, Dec-2008, Mar-2009, Jun-2009, Sep-2009, Dec-2009, Mar-2010, Jun-2010, Sep-2010, Dec-2010, Mar-2011, Jun-2011, Sep-2011, Dec-2011, Mar-2012, Jun-2012, Sep-2012, Dec-2012, Mar-2013, Jun-2013, Sep-2013, Dec-2013, Mar-2014, Jun-2014, Sep-2014, Dec-2014, Mar-2015, Jun-2015, Sep-2015, Dec-2015, Mar-2016, Jun-2016, Sep-2016, Dec-2016, Mar-2017, Jun-2017, Sep-2017, Dec-2017, Mar-2018, Jun-2018, Sep-2018, Dec-2018, Mar-2019, Jun-2019, Sep-2019, Dec-2019, Mar-2020, Jun-2020, Sep-2020, Dec-2020, Mar-2021, Jun-2021, Sep-2021, Dec-2021, Mar-2022, Jun-2022, Sep-2022, Dec-2022, Mar-2023, Jun-2023, Sep-2023, Dec-2023, Mar-2024, Jun-2024
Earnings Quality Score,N/A ,N/A ,N/A ,N/A ,N/A ,N/A ,N/A ,N/A ,N/A ,N/A ,N/A ,N/A ,N/A ,N/A ,N/A ,N/A ,N/A ,N/A ,N/A ,N/A ,N/A ,N/A ,N/A ,N/A ,N/A ,N/A ,N/A ,N/A ,N/A ,N/A ,N/A ,N/A ,N/A ,N/A ,N/A ,N/A ,N/A ,N/A ,1 ,1 ,1 ,12 ,7 ,1 ,6 ,1 ,1 ,2 ,4 ,6 ,22 ,28 ,26 ,29 ,32 ,46 ,30 ,23 ,64 ,57 ,67 ,29 ,5 ,6 ,19 ,68 ,11 ,14 ,7 ,4 ,23 ,16 ,11 ,18 ,29 ,30 ,52 ,69 ,74 
Period End Date,31-Dec-2004 ,31-Mar-2005 ,30-Jun-2005 ,30-Sep-2005 ,31-Dec-2005 ,31-Mar-2006 ,30-Jun-2006 ,30-Sep-2006 ,31-Dec-2006 ,31-Mar-2007 ,30-Jun-2007 ,30-Sep-2007 ,31-Dec-2007 ,31-Mar-2008 ,30-Jun-2008 ,30-Sep-2008 ,31-Dec-2008 ,31-Mar-2009 ,30-Jun-2009 ,30-Sep-2009 ,31-Dec-2009 ,31-Mar-2010 ,30-Jun-2010 ,30-Sep-2010 ,31-Dec-2010 ,31-Mar-2011 ,30-Jun-2011 ,30-Sep-2011 ,31-Dec-2011 ,31-Mar-2012 ,30-Jun-2012 ,30-Sep-2012 ,31-Dec-2012 ,31-Mar-2013 ,30-Jun-2013 ,30-Sep-2013 ,31-Dec-2013 ,31-Mar-2014 ,30-Jun-2014 ,30-Sep-2014 ,31-Dec-2014 ,31-Mar-2015 ,30-Jun-2015 ,30-Sep-2015 ,31-Dec-2015 ,31-Mar-2016 ,30-Jun-2016 ,30-Sep-2016 ,31-Dec-2016 ,31-Mar-2017 ,30-Jun-2017 ,30-Sep-2017 ,31-Dec-2017 ,31-Mar-2018 ,30-Jun-2018 ,30-Sep-2018 ,31-Dec-2018 ,31-Mar-2019 ,30-Jun-2019 ,30-Sep-2019 ,31-Dec-2019 ,31-Mar-2020 ,30-Jun-2020 ,30-Sep-2020 ,31-Dec-2020 ,31-Mar-2021 ,30-Jun-2021 ,30-Sep-2021 ,31-Dec-2021 ,31-Mar-2022 ,30-Jun-2022 ,30-Sep-2022 ,31-Dec-2022 ,31-Mar-2023 ,30-Jun-2023 ,30-Sep-2023 ,31-Dec-2023 ,31-Mar-2024 ,30-Jun-2024 
Assets (THB Thousands),,,,,,,,,,,,,,,,,,,,,,,,,,,,,,,,,,,,,,,,,,,,,,,,,,,,,,,,,,,,,,,,,,,,,,,,,,,,,,,
Cash and Short Term Investments,"29,683 ","21,436 ","220,400 ","214,801 ","42,495 ","48,741 ","14,331 ","23,831 ","2,268 ","8,791 ","18,461 ","7,475 ","6,972 ","9,177 ","7,891 ","4,891 ","4,892 ","5,578 ","5,296 ","7,790 ","7,805 ","22,239 ","6,152 ","8,573 ","10,324 ","11,494 ","12,853 ","15,145 ","35,167 ","61,454 ","26,929 ","36,956 ","28,954 ","140,608 ","101,350 ","127,934 ","353,925 ","141,210 ","696,173 ","3,038,082 ","1,662,182 ","2,128,905 ","1,293,428 ","681,328 ","846,777 ","137,676 ","1,057,305 ","809,697 ","149,707 ","299,522 ","243,424 ","255,908 ","341,252 ","535,570 ","482,281 ","863,009 ","1,844,110 ","2,015,622 ","1,448,866 ","3,592,828 ","2,053,956 ","1,336,618 ","2,316,894 ","589,954 ","1,595,091 ","1,397,947 ","1,460,169 ","1,588,306 ","1,974,307 ","1,106,659 ","2,293,796 ","1,554,462 ","2,124,428 ","1,189,747 ","1,960,491 ","1,319,987 ","1,024,936 ","893,303 ","1,397,471 "
Cash,--,--,--,--,--,--,--,--,--,--,--,--,--,--,--,--,--,--,--,--,--,--,--,--,--,--,--,--,--,--,--,--,--,--,--,--,"353,925 ",--,--,--,"135,206 ",--,--,--,"846,777 ","137,676 ","1,057,305 ","809,478 ","146,467 ","291,282 ","233,298 ","249,412 ","337,977 ","526,511 ","478,412 ","858,437 ","1,839,104 ","2,010,609 ","1,443,845 ","3,587,798 ","2,048,891 ","1,330,592 ","2,310,825 ","581,948 ","1,586,551 ","1,391,749 ","1,456,219 ","1,584,350 ","1,970,346 ","1,102,696 ","2,289,925 ","1,553,457 ","2,123,420 ","1,188,739 ","1,959,483 ","1,318,978 ","1,023,923 ","892,288 ","1,396,453 "
Cash & Equivalents,"29,492 ","21,245 ","220,400 ","214,801 ","42,495 ","48,741 ","14,331 ","23,831 ","2,268 ","8,791 ","18,461 ","7,475 ","6,972 ","9,177 ","7,891 ","4,891 ","4,892 ","5,578 ","5,296 ","7,790 ","7,805 ","22,239 ","6,152 ","8,573 ","10,324 ","11,494 ","12,853 ","15,145 ","35,167 ","61,454 ","26,929 ","36,956 ","28,954 ","140,608 ","101,350 ","127,934 ",--,"136,335 ","696,173 ","1,538,082 ",0 ,"2,114,729 ","1,279,252 ","667,152 ",--,--,--,--,--,--,"6,886 ","3,217 ",--,--,--,--,--,--,--,--,--,--,--,--,--,--,--,--,--,--,--,--,--,--,--,--,--,--,--
Short Term Investments,191 ,191 ,0 ,0 ,--,--,--,--,--,--,--,--,--,--,--,--,--,--,--,--,--,--,--,--,--,--,--,--,--,--,--,--,--,--,--,--,--,"4,875 ",0 ,"1,500,000 ","1,526,976 ","14,176 ","14,176 ","14,176 ",0 ,0 ,0 ,219 ,"3,240 ","8,240 ","3,240 ","3,279 ","3,275 ","9,059 ","3,869 ","4,572 ","5,006 ","5,013 ","5,021 ","5,030 ","5,065 ","6,026 ","6,069 ","8,006 ","8,540 ","6,198 ","3,950 ","3,956 ","3,961 ","3,963 ","3,871 ","1,005 ","1,008 ","1,008 ","1,008 ","1,009 ","1,013 ","1,015 ","1,018 "
"Accounts Receivable - Trade, Net","49,154 ","153,688 ","119,759 ","125,358 ","131,475 ","140,765 ","74,576 ","69,805 ","33,663 ","30,551 ","33,089 ","44,163 ","52,310 ","45,957 ","26,131 ","27,202 ","21,418 ","16,166 ","17,269 ","19,681 ","21,609 ","30,877 ","32,016 ","30,282 ","18,759 ","30,601 ","32,735 ","24,913 ","28,584 ","45,310 ","42,917 ","63,862 ","41,746 ","29,853 ","15,681 ","12,911 ","10,660 ","8,257 ","12,269 ","24,581 ","848,505 ","52,013 ","43,289 ","68,788 ","119,568 ","243,958 ","131,055 ","938,609 ","855,212 ","1,132,846 ","980,999 ","1,047,083 ","826,852 ","1,072,561 ","1,015,856 ","990,398 ","1,014,740 ","1,185,262 ","1,125,471 ","1,051,778 ","1,050,463 ","1,278,664 ","1,166,782 ","1,236,492 ","1,082,958 ","1,837,256 ","1,825,455 ","1,692,024 ","1,871,080 ","2,092,931 ","2,000,953 ","1,881,069 ","1,976,935 ","2,468,224 ","2,623,239 ","2,578,719 ","2,813,412 ","3,518,070 ","2,916,067 "
"Accounts Receivable - Trade, Gross","49,154 ","153,688 ","119,759 ","125,358 ","150,843 ","161,861 ","96,468 ","92,375 ","62,390 ","60,673 ","64,814 ","70,884 ","79,296 ","75,038 ","55,391 ","56,604 ","53,450 ","48,470 ","49,564 ","52,358 ","53,045 ","61,697 ","62,520 ","61,647 ","50,255 ","61,950 ","63,696 ","56,838 ","28,584 ","76,978 ","74,259 ","94,872 ","73,009 ","61,289 ","47,582 ","44,472 ","40,958 ","38,426 ","42,100 ","54,372 ","848,505 ","81,140 ","72,416 ","97,915 ","148,695 ","273,085 ","160,182 ","967,736 ","884,339 ","1,161,973 ","1,010,126 ","1,076,210 ","855,979 ","1,101,668 ","1,044,923 ","1,019,465 ","1,043,773 ","1,214,295 ","1,154,504 ","1,080,811 ","1,079,356 ","1,307,492 ","1,195,624 ","1,265,334 ","1,111,800 ","1,866,098 ","1,854,297 ","1,720,866 ","1,899,922 ","2,121,773 ","2,029,795 ","1,909,911 ","2,005,777 ","2,497,066 ","2,652,808 ","2,608,278 ","2,859,132 ","3,598,328 ","2,987,747 "
Provision for Doubtful Accounts,--,--,--,--,"(19,368)","(21,096)","(21,892)","(22,570)","(28,727)","(30,122)","(31,725)","(26,721)","(26,986)","(29,081)","(29,260)","(29,402)","(32,032)","(32,304)","(32,295)","(32,677)","(31,436)","(30,820)","(30,504)","(31,365)","(31,496)","(31,349)","(30,961)","(31,925)",--,"(31,668)","(31,342)","(31,010)","(31,263)","(31,436)","(31,901)","(31,561)","(30,298)","(30,169)","(29,831)","(29,791)",--,"(29,127)","(29,127)","(29,127)","(29,127)","(29,127)","(29,127)","(29,127)","(29,127)","(29,127)","(29,127)","(29,127)","(29,127)","(29,107)","(29,067)","(29,067)","(29,033)","(29,033)","(29,033)","(29,033)","(28,893)","(28,828)","(28,842)","(28,842)","(28,842)","(28,842)","(28,842)","(28,842)","(28,842)","(28,842)","(28,842)","(28,842)","(28,842)","(28,842)","(29,569)","(29,559)","(45,720)","(80,258)","(71,680)"
"Total Receivables, Net","49,254 ","153,788 ","119,859 ","125,458 ","215,325 ","230,417 ","233,880 ","355,160 ","363,739 ","358,376 ","433,539 ","445,727 ","141,799 ","144,703 ","122,457 ","106,384 ","21,418 ","16,166 ","17,269 ","19,681 ","21,609 ","30,877 ","32,016 ","30,282 ","21,648 ","30,601 ","32,735 ","24,913 ","28,584 ","47,008 ","44,101 ","64,956 ","42,465 ","76,169 ","103,693 ","191,827 ","21,978 ","31,308 ","67,398 ","46,623 ","951,081 ","185,527 ","83,378 ","86,111 ","1,276,146 ","1,220,470 ","1,809,014 ","1,839,772 ","1,260,147 ","1,681,792 ","1,599,549 ","2,711,206 ","993,807 ","1,260,113 ","1,288,398 ","1,278,973 ","1,259,666 ","2,168,461 ","2,106,410 ","1,950,451 ","2,704,513 ","3,699,674 ","4,448,161 ","3,500,011 ","1,793,337 ","2,619,553 ","3,721,150 ","2,771,675 ","2,710,914 ","2,952,909 ","2,869,060 ","2,772,433 ","2,936,499 ","3,457,098 ","3,668,974 ","3,892,267 ","3,676,298 ","4,424,591 ","3,867,135 "
Notes Receivable - Short Term,100 ,100 ,100 ,100 ,"83,850 ","89,652 ","159,304 ","285,355 ","330,076 ","327,825 ","400,450 ","401,564 ","89,489 ","98,746 ","96,326 ","79,182 ",0 ,0 ,--,--,--,--,--,--,--,--,--,--,--,--,--,--,--,--,--,--,--,--,--,--,"102,576 ",0 ,--,"2,770 ","35,036 ","23,781 ","26,722 ","13,000 ",--,--,--,--,--,--,--,--,--,"704,534 ","322,451 ","251,725 ","1,449,943 ","1,810,709 ","3,022,684 ","2,002,411 ","370,102 ","394,811 ","400,072 ","401,076 ","391,058 ","410,355 ","424,373 ","478,278 ","518,535 ","557,619 ","575,011 ","617,343 ","276,345 ","280,426 ","278,993 "
Receivables - Other,--,--,--,--,--,--,--,--,--,--,--,--,--,--,--,--,--,--,--,--,--,--,--,--,"2,889 ",--,--,--,--,"1,698 ","1,184 ","1,094 ",719 ,"46,316 ","88,012 ","178,916 ","11,317 ","23,051 ","55,129 ","22,042 ",--,"133,514 ","40,089 ","14,553 ","1,121,542 ","952,731 ","1,651,237 ","888,163 ","404,935 ","548,946 ","618,550 ","1,664,123 ","166,955 ","187,552 ","272,542 ","288,575 ","244,926 ","278,665 ","658,488 ","646,948 ","204,107 ","610,301 ","258,695 ","261,108 ","340,277 ","387,486 ","1,495,623 ","678,575 ","448,776 ","449,623 ","443,734 ","413,086 ","441,029 ","431,255 ","470,724 ","696,205 ","586,541 ","626,095 ","672,075 "
Total Inventory,"18,087 ","22,684 ","24,913 ","23,810 ","17,490 ","13,950 ","18,240 ","13,218 ","15,060 ","15,643 ","16,533 ","15,724 ","12,324 ","14,226 ","17,203 ","19,129 ","14,063 ","18,168 ","16,934 ","14,450 ","10,193 ","18,445 ","21,566 ","22,470 ","23,982 ","19,123 ","20,438 ","18,452 ","19,072 ","23,544 ","27,745 ","25,002 ","25,343 ","5,702 ","3,936 ","4,024 ",892 ,"1,081 ","1,264 ","2,964 ","1,932 ","33,706 ","1,148 ","1,707 ","1,969 ",969 ,927 ,"1,015 ","1,126 ","1,551 ","1,719 ","3,261 ","15,775 ","36,599 ","45,574 ","31,567 ","32,129 ","28,180 ","24,812 ","26,872 ","28,519 ","47,680 ","44,702 ","49,559 ","64,341 ","64,299 ","56,620 ","38,357 ","40,108 ","38,416 ","98,833 ","56,969 ","52,516 ","50,282 ","51,710 ","36,723 ","34,753 ","39,635 ","40,795 "
Inventories - Finished Goods,--,--,--,--,--,--,--,--,--,--,--,--,"9,797 ",--,--,--,"6,868 ","9,774 ","8,198 ","8,618 ","4,624 ","7,209 ","13,436 ",--,"15,245 ",--,--,--,--,--,--,--,--,"5,375 ",173 ,17 ,--,--,--,--,--,--,--,--,--,--,--,--,--,--,--,--,--,--,--,--,--,--,--,--,--,--,--,--,--,--,--,--,--,--,--,--,--,--,--,--,--,--,--
Inventories - Work In Progress,--,--,--,--,--,--,--,--,--,--,--,--,650 ,--,--,--,0 ,936 ,"1,116 ",433 ,13 ,"2,724 ",171 ,--,0 ,--,--,--,--,--,--,--,--,327 ,--,--,--,--,--,--,--,--,--,--,--,--,--,--,--,--,--,--,--,--,--,--,--,--,--,--,--,--,--,--,--,--,--,--,--,--,--,--,--,--,--,--,--,--,--
Inventories - Raw Materials,--,--,--,--,--,--,--,--,--,--,--,--,"2,893 ",--,--,--,"8,211 ","8,474 ","8,636 ","6,415 ","6,572 ","9,528 ","8,975 ",--,"9,753 ",--,--,--,--,--,--,--,--,0 ,"3,763 ","4,007 ",--,--,--,--,--,--,--,--,--,--,--,--,--,--,--,--,--,--,--,--,--,--,--,--,--,--,--,--,--,--,--,--,--,--,--,--,--,--,--,--,--,--,--
Inventories - Other,--,--,--,--,--,--,--,--,--,--,--,--,"(1,016)",--,--,--,"(1,016)","(1,016)","(1,016)","(1,016)","(1,016)","(1,016)","(1,016)",--,"(1,016)",--,--,--,--,--,--,--,--,0 ,0 ,--,--,--,--,--,--,--,--,--,--,--,--,--,--,--,--,--,--,--,--,--,--,--,--,--,--,--,--,--,--,--,--,--,--,--,--,--,--,--,--,--,--,--,--
Prepaid Expenses,--,--,--,--,--,--,--,--,0 ,--,--,--,"2,023 ","2,023 ",64 ,0 ,0 ,--,--,--,--,--,--,--,--,--,--,--,--,--,--,--,--,--,--,--,"242,000 ","374,000 ","332,416 ","511,214 ",--,"512,881 ","1,378,316 ","3,363,383 ","1,196,120 ","464,712 ","345,124 ","147,043 ","56,507 ",--,--,--,"50,984 ","54,206 ","68,868 ","73,411 ","117,947 ","125,572 ","165,245 ","231,836 ","176,242 ","184,320 ","131,826 ","168,600 ","143,620 ","178,241 ","344,628 ","428,263 ","274,857 ","358,081 ","367,910 ","421,268 ","504,910 ","595,546 ","487,944 ","449,375 ","443,239 ","459,521 ","415,936 "
"Other Current Assets, Total","14,428 ","14,385 ","12,799 ","8,853 ","29,239 ","18,296 ","18,551 ","17,529 ","14,363 ","15,799 ","6,425 ","8,573 ","7,059 ","8,200 ","7,429 ","6,855 ","3,115 ","5,018 ","4,928 ","4,589 ","5,331 ","4,940 ","3,919 ","3,439 ","2,168 ","6,072 ","3,236 ","4,395 ","1,681 ","2,849 ","1,546 ","1,076 ","1,248 ","52,938 ","51,704 ","51,323 ","54,919 ","49,089 ","79,285 ","78,547 ","43,353 ","62,371 ","58,493 ","62,819 ","5,459 ","9,726 ","12,082 ","22,894 ","20,815 ","20,971 ","5,198 ","5,327 ",40 ,46 ,171 ,58 ,74 ,57 ,"5,838,798 ","16,621 ","9,456 ","8,797 ","8,305 ","38,280 ","37,944 ","34,791 ","35,672 ","38,657 ","37,857 ","37,848 ","501,155 ","40,712 ","4,141 ","2,588 ","1,228 ","1,441 ",497 ,"6,159,288 ","6,366,978 "
Discontinued Operations - Current Asset,--,--,--,--,--,--,--,--,--,--,--,--,--,--,--,--,--,--,--,--,--,--,--,--,--,--,--,--,--,--,--,--,--,"51,860 ","50,489 ","49,103 ","47,717 ","46,361 ","44,990 ","43,603 ","42,217 ","40,861 ","39,490 ","38,104 ","5,000 ","5,000 ","5,000 ","5,000 ","18,652 ","18,652 ","5,000 ","5,000 ",0 ,--,--,--,--,--,"5,838,625 ",--,--,--,--,--,--,--,--,--,--,--,"461,830 ",--,--,--,--,--,--,"6,156,448 ","6,366,615 "
Other Current Assets,"14,428 ","14,385 ","12,799 ","8,853 ","29,239 ","18,296 ","18,551 ","17,529 ","14,363 ","15,799 ","6,425 ","8,573 ","7,059 ","8,200 ","7,429 ","6,855 ","3,115 ","5,018 ","4,928 ","4,589 ","5,331 ","4,940 ","3,919 ","3,439 ","2,168 ","6,072 ","3,236 ","4,395 ","1,681 ","2,849 ","1,546 ","1,076 ","1,248 ","1,078 ","1,215 ","2,220 ","7,202 ","2,728 ","34,295 ","34,944 ","1,136 ","21,510 ","19,003 ","24,715 ",459 ,"4,726 ","7,082 ","17,894 ","2,163 ","2,319 ",198 ,327 ,40 ,46 ,171 ,58 ,74 ,57 ,173 ,"16,621 ","9,456 ","8,797 ","8,305 ","38,280 ","37,944 ","34,791 ","35,672 ","38,657 ","37,857 ","37,848 ","39,325 ","40,712 ","4,141 ","2,588 ","1,228 ","1,441 ",497 ,"2,840 ",363 
Total Current Assets,"111,452 ","212,293 ","377,971 ","372,922 ","304,549 ","311,404 ","285,002 ","409,738 ","395,430 ","398,609 ","474,958 ","477,499 ","170,177 ","178,329 ","155,044 ","137,259 ","43,488 ","44,930 ","44,427 ","46,510 ","44,938 ","76,501 ","63,653 ","64,764 ","58,122 ","67,290 ","69,262 ","62,905 ","84,504 ","134,855 ","100,321 ","127,990 ","98,010 ","275,417 ","260,683 ","375,108 ","673,714 ","596,688 ","1,176,536 ","3,677,430 ","2,658,548 ","2,923,390 ","2,814,763 ","4,195,348 ","3,326,471 ","1,833,553 ","3,224,452 ","2,820,421 ","1,488,302 ","2,003,836 ","1,849,890 ","2,975,702 ","1,401,858 ","1,886,534 ","1,885,292 ","2,247,018 ","3,253,926 ","4,337,892 ","9,584,131 ","5,818,608 ","4,972,686 ","5,277,089 ","6,949,888 ","4,346,404 ","3,634,333 ","4,294,831 ","5,618,239 ","4,865,258 ","5,038,043 ","4,493,913 ","6,130,754 ","4,845,844 ","5,622,494 ","5,295,261 ","6,170,347 ","5,699,793 ","5,179,723 ","11,976,338 ","12,088,315 "
,,,,,,,,,,,,,,,,,,,,,,,,,,,,,,,,,,,,,,,,,,,,,,,,,,,,,,,,,,,,,,,,,,,,,,,,,,,,,,,
"Property/Plant/Equipment, Total - Gross","9,165 ","8,330 ","7,750 ","7,127 ","7,055 ","7,055 ","7,055 ","7,055 ","7,055 ","7,055 ","7,055 ","7,055 ","7,055 ","7,055 ","7,055 ","567,903 ","683,960 ","684,097 ","684,242 ","684,507 ","684,910 ","1,127,669 ","1,128,241 ","1,129,197 ","1,129,999 ","1,130,382 ","1,130,724 ","1,131,854 ","7,055 ","7,055 ","7,055 ","7,055 ","7,055 ",0 ,0 ,--,0 ,--,--,--,--,--,--,--,--,--,--,--,--,--,--,--,--,--,--,--,--,--,--,--,--,--,--,--,--,--,--,--,--,--,--,--,--,--,--,--,--,--,--
Buildings - Gross,--,--,--,--,--,--,--,--,--,--,--,--,--,--,--,--,"173,040 ","173,040 ","173,040 ","173,040 ","173,040 ","173,119 ","173,119 ","173,333 ","173,333 ","173,387 ","173,387 ","173,742 ",--,--,--,--,--,--,--,--,--,--,--,--,--,--,--,--,--,--,--,--,--,--,--,--,--,--,--,--,--,--,--,--,--,--,--,--,--,--,--,--,--,--,--,--,--,--,--,--,--,--,--
Land/Improvements - Gross,"9,165 ","8,330 ","7,750 ","7,127 ","7,055 ","7,055 ","7,055 ","7,055 ","7,055 ","7,055 ","7,055 ","7,055 ","7,055 ","7,055 ","7,055 ","7,055 ","52,352 ","52,352 ","52,352 ","52,352 ","52,352 ","52,352 ","52,352 ","52,352 ","52,352 ","52,352 ","52,352 ","52,352 ","7,055 ","7,055 ","7,055 ","7,055 ","7,055 ",0 ,0 ,--,0 ,--,--,--,--,--,--,--,--,--,--,--,--,--,--,--,--,--,--,--,--,--,--,--,--,--,--,--,--,--,--,--,--,--,--,--,--,--,--,--,--,--,--
Machinery/Equipment - Gross,--,--,--,--,--,--,--,--,--,--,--,--,--,--,--,"587,031 ","458,568 ","458,705 ","458,850 ","459,115 ","459,518 ","902,198 ","902,554 ","903,512 ","904,315 ","904,643 ","904,883 ","905,385 ",--,--,--,--,--,--,--,--,--,--,--,--,--,--,--,--,--,--,--,--,--,--,--,--,--,--,--,--,--,--,--,--,--,--,--,--,--,--,--,--,--,--,--,--,--,--,--,--,--,--,--
Construction in Progress - Gross,--,--,--,--,--,--,--,--,--,--,--,--,--,--,--,--,--,0 ,--,--,0 ,--,216 ,0 ,0 ,--,102 ,375 ,--,--,--,--,--,--,--,--,--,--,--,--,--,--,--,--,--,--,--,--,--,--,--,--,--,--,--,--,--,--,--,--,--,--,--,--,--,--,--,--,--,--,--,--,--,--,--,--,--,--,--
Other Property/Plant/Equipment - Gross,--,--,--,--,--,--,--,--,--,--,--,--,--,--,--,"(26,183)",--,--,--,--,--,--,--,--,--,--,--,--,--,--,--,--,--,--,--,--,--,--,--,--,--,--,--,--,--,--,--,--,--,--,--,--,--,--,--,--,--,--,--,--,--,--,--,--,--,--,--,--,--,--,--,--,--,--,--,--,--,--,--
"Property/Plant/Equipment, Total - Net","669,389 ","703,403 ","746,199 ","760,324 ","753,896 ","891,385 ","742,341 ","728,816 ","715,326 ","702,618 ","302,875 ","287,931 ","269,232 ","274,269 ","257,969 ","746,020 ","247,500 ","241,540 ","235,609 ","229,799 ","212,476 ","508,685 ","500,216 ","491,216 ","482,034 ","486,662 ","477,259 ","462,825 ","451,856 ","481,969 ","471,908 ","460,720 ","448,997 ","54,078 ","53,116 ","54,283 ","53,795 ","463,098 ","914,489 ","1,036,008 ","1,901,581 ","4,574,978 ","7,327,052 ","10,254,226 ","29,127,349 ","34,282,991 ","36,511,749 ","37,006,447 ","39,774,162 ","39,240,954 ","38,880,058 ","39,169,161 ","39,165,465 ","38,837,410 ","38,487,868 ","38,894,688 ","39,091,079 ","39,107,692 ","39,013,162 ","38,704,144 ","39,016,340 ","40,884,169 ","40,400,935 ","43,910,257 ","54,836,107 ","55,734,453 ","56,177,510 ","58,089,777 ","59,969,471 ","59,826,815 ","61,381,506 ","63,881,223 ","61,741,606 ","61,572,361 ","62,399,201 ","62,250,738 ","60,053,494 ","54,754,605 ","54,822,228 "
"Accumulated Depreciation, Total",--,--,--,--,--,--,--,--,--,--,--,--,--,--,--,"(66,724)","(436,460)","(442,557)","(448,633)","(454,708)","(472,434)","(618,984)","(628,025)","(637,981)","(647,965)","(643,720)","(653,465)","(669,029)",--,--,--,--,--,--,--,--,--,--,--,--,--,--,--,--,--,--,--,--,--,--,--,--,--,--,--,--,--,--,--,--,--,--,--,--,--,--,--,--,--,--,--,--,--,--,--,--,--,--,--
"Goodwill, Net",--,--,--,--,--,--,--,--,--,--,--,--,--,--,--,--,--,--,--,--,--,--,--,--,--,--,--,--,--,--,--,--,--,--,--,--,--,--,--,--,116 ,--,--,--,116 ,--,--,--,"1,343 ","1,343 ","1,343 ","6,416 ","5,629 ","5,629 ","5,629 ","5,629 ","5,629 ","5,629 ","203,892 ","203,742 ","203,742 ","395,868 ","317,444 ","321,954 ","312,257 ","185,071 ","185,071 ","185,071 ","185,071 ","185,071 ","185,071 ","185,071 ","185,071 ","185,071 ","185,071 ","185,071 ","185,071 ","185,071 ","185,071 "
"Intangibles, Net",--,0 ,--,--,256 ,--,--,--,337 ,326 ,316 ,306 ,295 ,284 ,275 ,264 ,254 ,244 ,204 ,195 ,186 ,177 ,168 ,158 ,149 ,140 ,131 ,122 ,112 ,104 ,94 ,85 ,76 ,67 ,58 ,49 ,40 ,"83,374 ","135,499 ","130,862 ","335,256 ","722,929 ","708,393 ","815,733 ","3,330,180 ","3,374,980 ","3,341,579 ","3,354,036 ","3,469,107 ","3,442,917 ","3,400,524 ","3,385,621 ","3,404,577 ","3,463,738 ","3,421,594 ","3,403,279 ","3,404,328 ","3,371,063 ","4,302,465 ","4,304,145 ","3,952,124 ","3,905,511 ","3,897,778 ","4,835,206 ","6,825,870 ","6,960,009 ","7,058,235 ","7,015,427 ","6,928,872 ","6,850,120 ","6,823,853 ","6,744,126 ","6,674,286 ","6,607,885 ","6,542,747 ","6,672,653 ","6,539,323 ","6,000,170 ","5,941,528 "
Long Term Investments,--,992 ,--,--,--,--,--,--,--,--,--,--,--,--,--,--,"86,427 ","43,789 ","46,024 ","46,050 ","26,391 ","28,856 ","30,322 ","26,986 ",--,--,--,--,--,--,--,--,--,--,--,--,--,--,--,--,--,--,--,"41,981 ","776,006 ","800,182 ","828,571 ","844,586 ","815,868 ","763,219 ","760,900 ","786,342 ","781,135 ","814,225 ","821,615 ","782,971 ","775,174 ","780,144 ","804,388 ","1,502,565 ","1,534,772 ","859,416 ","853,011 ","846,219 ","732,475 ","741,560 ","735,739 ","723,288 ","722,074 ","725,760 ","724,478 ","1,162,399 ","1,282,305 ","1,250,187 ","1,196,675 ","1,202,157 ","1,216,155 ","1,709,766 ","1,635,993 "
LT Investment - Affiliate Companies,--,992 ,--,--,--,--,--,--,--,--,--,--,--,--,--,--,--,--,--,--,--,--,--,--,--,--,--,--,--,--,--,--,--,--,--,--,--,--,--,--,--,--,--,"41,981 ","776,006 ","800,182 ","828,571 ","844,586 ","810,624 ","763,219 ","760,900 ","756,404 ","751,197 ","784,287 ","791,677 ","753,033 ","745,236 ","750,206 ","774,450 ","1,472,627 ","1,504,834 ","829,478 ","823,073 ","816,281 ","702,537 ","711,622 ","705,801 ","693,350 ","692,136 ","695,822 ","694,540 ","681,333 ","683,339 ","687,995 ","683,773 ","679,004 ","693,579 ","675,551 ","672,724 "
LT Investments - Other,--,0 ,--,--,--,--,--,--,--,--,--,--,--,--,--,--,"86,427 ","43,789 ","46,024 ","46,050 ","26,391 ","28,856 ","30,322 ","26,986 ",--,--,--,--,--,--,--,--,--,--,--,--,--,--,--,--,--,--,--,--,--,--,--,--,"5,244 ",--,--,"29,938 ","29,938 ","29,938 ","29,938 ","29,938 ","29,938 ","29,938 ","29,938 ","29,938 ","29,938 ","29,938 ","29,938 ","29,938 ","29,938 ","29,938 ","29,938 ","29,938 ","29,938 ","29,938 ","29,938 ","481,066 ","598,966 ","562,192 ","512,902 ","523,153 ","522,576 ","1,034,215 ","963,269 "
Note Receivable - Long Term,--,--,--,--,--,--,--,--,--,--,--,--,--,--,--,--,--,--,--,--,--,--,--,--,--,--,--,--,--,--,--,--,--,--,--,--,--,--,--,--,--,--,--,--,--,--,--,--,"1,673,621 ",--,--,--,"337,531 ","311,542 ","321,068 ","328,926 ","306,663 ","871,662 ","1,078,102 ","1,567,683 ","2,227,870 ","2,006,429 ","2,527,875 ","2,553,442 ","2,780,986 ","3,611,040 ","2,479,948 ","2,638,031 ","2,928,106 ","2,882,840 ","2,928,802 ","2,967,360 ","2,889,969 ","2,795,629 ","2,779,842 ","2,695,899 ","3,286,618 ","3,404,881 ","3,480,113 "
"Other Long Term Assets, Total","27,371 ","22,977 ","170,029 ","175,977 ","215,319 ","18,929 ","161,777 ","178,069 ","173,744 ","161,234 ","534,352 ","520,421 ","526,738 ","510,746 ","516,864 ","13,127 ","490,575 ","479,279 ","471,556 ","463,777 ","427,458 ","120,325 ","116,702 ","114,524 ","113,055 ","111,842 ","108,531 ","106,180 ","115,372 ","69,657 ","69,044 ","67,147 ","59,586 ","11,333 ","11,048 ","57,351 ","19,213 ","47,670 ","122,937 ","162,494 ","219,647 ","946,630 ","1,072,356 ","1,261,438 ","2,618,623 ","2,480,816 ","2,449,842 ","2,100,324 ","802,412 ","2,673,407 ","2,801,819 ","1,598,319 ","1,774,455 ","1,794,101 ","1,929,251 ","1,692,842 ","2,813,162 ","3,989,633 ","2,913,360 ","3,423,076 ","3,761,896 ","5,112,680 ","5,231,990 ","4,987,234 ","4,038,283 ","4,288,700 ","3,909,888 ","4,399,809 ","4,758,297 ","4,895,552 ","5,213,942 ","5,280,638 ","5,455,722 ","5,482,924 ","5,508,477 ","5,361,936 ","5,244,177 ","4,831,793 ","4,808,194 "
Deferred Charges,--,--,--,--,--,--,--,--,--,--,--,--,--,--,--,--,--,--,--,--,--,--,--,--,--,--,--,--,--,--,--,--,--,--,--,--,--,--,--,--,--,--,--,--,--,--,--,--,"159,454 ",--,--,--,"555,306 ","553,357 ","665,903 ","796,680 ","1,412,142 ","2,612,755 ","1,727,097 ","2,307,988 ","2,436,782 ","2,893,042 ","3,669,739 ","3,165,192 ","1,981,356 ","2,029,468 ","1,595,682 ","1,724,433 ","1,785,839 ","1,800,972 ","1,827,016 ","1,839,519 ","1,818,804 ","1,818,266 ","1,849,636 ","1,743,948 ","1,572,496 ","1,584,334 ","1,590,551 "
Defered Income Tax - Long Term Asset,--,--,--,--,--,--,--,--,--,--,--,--,--,--,--,--,--,--,--,--,--,--,--,--,--,--,--,--,"11,322 ",--,--,--,--,387 ,387 ,387 ,"2,643 ","3,421 ",754 ,754 ,"1,084 ","1,095 ","1,107 ","1,120 ","1,236 ","1,257 ",936 ,940 ,"22,147 ","22,150 ","22,153 ","16,072 ","15,110 ","15,258 ","15,261 ","15,264 ","27,401 ","27,402 ","27,404 ",0 ,0 ,0 ,0 ,0 ,0 ,0 ,0 ,0 ,"90,472 ",--,--,--,"134,776 ","138,013 ","156,840 ","201,808 ","451,631 ","672,582 ","686,246 "
Restricted Cash - Long Term,"10,945 ",707 ,707 ,"12,783 ","62,845 ","11,683 ","15,191 ","31,599 ","27,965 ","15,465 ","15,289 ","15,230 ","15,291 ","15,291 ","15,357 ","11,790 ","6,570 ","9,231 ","9,259 ","9,259 ","9,282 ","9,282 ","9,305 ","9,305 ","9,321 ","4,532 ","3,400 ","3,445 ","3,493 ","4,112 ","4,866 ","4,295 ","3,439 ","3,857 ","3,452 ",--,"9,000 ","34,038 ","103,075 ","146,101 ","132,581 ","132,584 ","108,584 ","130,945 ","130,960 ","130,960 ","131,581 ","131,581 ","523,844 ","673,844 ","840,117 ","945,877 ","1,101,257 ","1,096,730 ","1,096,804 ","683,199 ","1,097,759 ","1,134,761 ","919,346 ","911,395 ","1,134,073 ","2,089,449 ","1,409,895 ","1,645,152 ","1,872,050 ","2,083,261 ","2,137,053 ","2,490,510 ","2,697,668 ","2,857,982 ","3,127,385 ","3,165,791 ","3,106,840 ","3,125,830 ","3,131,522 ","3,116,666 ","2,938,236 ","2,340,703 ","2,263,407 "
Other Long Term Assets,"16,426 ","22,270 ","169,322 ","163,194 ","152,474 ","7,246 ","146,586 ","146,470 ","145,779 ","145,769 ","519,063 ","505,191 ","511,447 ","495,455 ","501,507 ","1,337 ","484,005 ","470,048 ","462,297 ","454,518 ","418,176 ","111,043 ","107,397 ","105,219 ","103,735 ","107,310 ","105,131 ","102,735 ","100,557 ","65,545 ","64,178 ","62,852 ","56,147 ","7,089 ","7,209 ","56,964 ","7,569 ","10,211 ","19,108 ","15,639 ","85,982 ","812,951 ","962,665 ","1,129,373 ","2,486,427 ","2,348,599 ","2,317,325 ","1,967,803 ","96,967 ","1,977,413 ","1,939,549 ","636,370 ","102,782 ","128,756 ","151,283 ","197,699 ","275,860 ","214,715 ","239,513 ","203,693 ","191,041 ","130,189 ","152,356 ","176,890 ","184,877 ","175,971 ","177,153 ","184,866 ","184,318 ","236,598 ","259,541 ","275,328 ","395,302 ","400,815 ","370,479 ","299,514 ","281,814 ","234,174 ","267,990 "
Total Assets,"808,212 ","939,665 ","1,294,199 ","1,309,223 ","1,274,020 ","1,221,718 ","1,189,120 ","1,316,623 ","1,284,837 ","1,262,787 ","1,312,501 ","1,286,157 ","966,442 ","963,628 ","930,152 ","896,670 ","868,244 ","809,782 ","797,820 ","786,331 ","711,449 ","734,544 ","711,061 ","697,648 ","653,360 ","665,934 ","655,183 ","632,032 ","651,844 ","686,585 ","641,367 ","655,942 ","606,670 ","340,895 ","324,905 ","486,791 ","746,762 ","1,190,830 ","2,349,461 ","5,006,794 ","5,115,148 ","9,167,927 ","11,922,564 ","16,568,726 ","39,178,745 ","42,772,522 ","46,356,193 ","46,125,814 ","48,024,815 ","48,125,676 ","47,694,534 ","47,921,561 ","46,870,650 ","47,113,179 ","46,872,317 ","47,355,353 ","49,649,961 ","52,463,715 ","57,899,500 ","55,523,963 ","55,669,430 ","58,441,162 ","60,178,921 ","61,800,716 ","73,160,311 ","75,815,664 ","76,164,630 ","77,916,661 ","80,529,934 ","79,860,071 ","83,388,406 ","85,066,661 ","83,851,453 ","83,189,318 ","84,782,360 ","84,068,247 ","81,704,561 ","82,862,624 ","82,961,442 "
,,,,,,,,,,,,,,,,,,,,,,,,,,,,,,,,,,,,,,,,,,,,,,,,,,,,,,,,,,,,,,,,,,,,,,,,,,,,,,,
Liabilities (THB Thousands),,,,,,,,,,,,,,,,,,,,,,,,,,,,,,,,,,,,,,,,,,,,,,,,,,,,,,,,,,,,,,,,,,,,,,,,,,,,,,,
Accounts Payable,"25,011 ","23,314 ","14,385 ","36,044 ","30,496 ","36,089 ","34,144 ","21,529 ","21,804 ","23,662 ","28,975 ","39,947 ","32,826 ","32,067 ","30,406 ","41,750 ","50,780 ","57,810 ","83,628 ","89,517 ","94,499 ","109,156 ","108,188 ","105,537 ","100,435 ","86,631 ","93,312 ","84,980 ",--,"88,240 ","45,997 ","36,214 ","25,178 ","13,108 ","6,745 ","6,339 ","7,189 ","7,297 ","7,187 ","8,358 ",--,"28,432 ","6,507 ","8,793 ","10,306 ","107,630 ","24,264 ","41,435 ","40,587 ","4,158 ","234,943 ","282,999 ","124,395 ","106,750 ","164,808 ","227,864 ","50,830 ","43,912 ","76,147 ","30,050 ","30,710 ","36,552 ","48,855 ","54,152 ","55,251 ","74,055 ","61,875 ","60,143 ","53,324 ","135,148 ","158,850 ","363,893 ","217,128 ","136,280 ","98,889 ","172,647 ","190,181 ","174,836 ","116,899 "
Payable/Accrued,--,--,--,--,--,--,--,--,--,--,--,--,--,--,--,--,--,--,--,--,--,--,--,--,--,--,--,--,"122,260 ",--,--,--,--,--,--,--,--,--,--,--,"120,709 ",--,--,--,--,--,--,--,--,--,--,--,--,--,--,--,--,--,--,--,--,--,--,--,--,--,--,--,--,--,--,--,--,--,--,--,--,--,--
Accrued Expenses,"5,598 ",--,--,--,"7,620 ","9,360 ","8,490 ","7,605 ","6,099 ","7,466 ","6,255 ","7,441 ","7,100 ","7,623 ","8,583 ","7,546 ","11,694 ","7,583 ","7,804 ","8,381 ","9,332 ","12,011 ","11,518 ","11,386 ","11,570 ","12,676 ","11,497 ","10,744 ",--,"12,279 ","10,719 ","10,373 ","8,770 ","8,808 ","3,353 ","3,607 ","2,326 ","5,034 ","5,319 ","8,997 ",--,"113,203 ","14,658 ","50,935 ","211,202 ","305,562 ","833,329 ","218,131 ","148,937 ","189,592 ","118,278 ","109,747 ","159,112 ","147,863 ","158,922 ","140,246 ","174,125 ","155,090 ","221,320 ","205,619 ","178,989 ","249,426 ","168,036 ","172,579 ","556,991 ","394,150 ","355,485 ","343,872 ","784,172 ","361,586 ","367,391 ","294,565 ","356,112 ","257,783 ","242,253 ","280,901 ","348,789 ","451,104 ","344,242 "
Notes Payable/Short Term Debt,"20,000 ","30,012 ","5,701 ",0 ,0 ,"8,335 ","29,073 ","19,200 ","58,573 ","53,125 ","57,227 ","75,769 ","121,540 ","162,285 ","181,289 ","165,721 ","355,680 ","366,359 ","402,240 ","419,038 ","457,669 ","39,202 ","36,997 ","44,112 ","50,281 ","46,897 ","44,863 ","50,301 ","401,949 ","12,042 ","21,042 ",0 ,0 ,"3,159 ","4,590 ","1,491 ",0 ,0 ,"147,693 ","149,379 ","138,698 ","190,192 ","32,675 ","562,573 ","1,081,403 ","786,822 ","1,357,770 ","2,258,285 ","1,578,737 ","1,956,256 ","2,605,272 ","2,286,738 ","1,736,545 ","2,682,039 ","2,230,891 ","2,167,722 ","1,046,963 ","1,036,500 ","913,715 ","512,941 ","481,246 ","5,245,720 ","6,711,219 ","7,867,427 ","7,446,728 ","7,444,679 ","16,714,777 ","17,136,143 ","16,677,576 ","18,611,596 ","21,343,291 ","23,020,839 ","17,497,931 ","13,501,507 ","13,059,000 ","13,759,335 ","12,526,032 ","13,078,348 ","15,122,889 "
Current Port. of LT Debt/Capital Leases,"42,561 ","52,505 ","58,561 ","64,415 ","64,356 ","79,314 ","86,117 ","92,117 ","90,099 ","96,571 ","104,027 ","111,454 ","118,859 ","127,826 ","136,803 ","31,803 ",--,"1,803 ","1,402 ",952 ,501 ,"197,128 ","198,590 ","219,182 ","162,793 ","173,897 ","143,769 ","145,753 ",0 ,"101,090 ","115,090 ","102,590 ","340,738 ",396 ,401 ,902 ,937 ,"30,971 ","80,084 ","81,720 ","100,450 ","112,685 ","326,304 ","478,496 ","1,121,756 ","1,565,426 ","2,299,242 ","2,449,182 ","2,577,242 ","2,632,916 ","2,656,789 ","2,839,740 ","3,355,958 ","3,340,485 ","3,324,508 ","2,058,745 ","2,615,115 ","2,721,418 ","2,752,925 ","3,161,453 ","2,808,972 ","2,921,132 ","3,185,998 ","2,859,874 ","3,575,411 ","4,670,344 ","5,706,050 ","5,666,983 ","5,209,710 ","4,163,078 ","2,977,712 ","3,157,594 ","5,256,231 ","5,668,764 ","9,186,945 ","7,779,118 ","9,610,688 ","8,399,414 ","11,055,962 "
"Other Current liabilities, Total","47,226 ","83,535 ","25,606 ","29,540 ","38,600 ","15,462 ","9,966 ","207,129 ","183,819 ","212,826 ","333,094 ","333,749 ","21,599 ","31,669 ","35,319 ","32,918 ","17,782 ","16,026 ","15,494 ","14,303 ","6,347 ","7,997 ","7,985 ","7,492 ","20,440 ","25,165 ","25,324 ","27,259 ","2,112 ","33,053 ","26,499 ","27,583 ","26,844 ","7,694 ","6,485 ","5,875 ","6,397 ","15,193 ","16,654 ","34,462 ","5,789 ","2,177,267 ","2,754,057 ","897,681 ","10,854,223 ","11,496,297 ","3,910,469 ","3,081,120 ","4,914,066 ","3,553,889 ","2,532,136 ","2,006,532 ","1,427,247 ","1,035,025 ","1,073,392 ","1,604,312 ","939,174 ","768,503 ","10,264,212 ","5,837,431 ","5,527,662 ","2,199,040 ","904,036 ","1,623,979 ","10,189,160 ","11,819,709 ","2,994,434 ","3,979,408 ","6,042,614 ","4,275,213 ","3,636,117 ","3,863,215 ","3,403,209 ","2,958,980 ","2,814,854 ","2,792,367 ","3,415,010 ","7,509,686 ","7,659,352 "
Customer Advances,--,--,--,--,--,--,--,--,--,--,--,--,--,--,--,--,--,--,--,--,--,--,--,--,--,--,--,--,--,--,--,--,--,--,--,--,--,"1,366 ",760 ,443 ,--,--,--,--,"200,801 ",--,--,--,"5,565 ",--,"7,410 ","3,173 ","1,662 ","2,311 ","4,488 ","1,481 ",403 ,"1,184 ","3,875 ","73,842 ","68,022 ","70,864 ","132,857 ","166,269 ","66,936 ","100,721 ","121,831 ","154,463 ","66,019 ","100,877 ","188,077 ","151,555 ","74,822 ","100,735 ","107,525 ","119,969 ","64,347 ","95,758 ","111,607 "
Income Taxes Payable,--,--,--,--,--,--,--,--,--,--,--,--,--,--,--,--,--,--,--,--,--,--,--,--,--,--,--,--,--,--,--,--,--,--,225 ,--,--,238 ,201 ,--,--,--,--,--,--,--,--,--,"1,294 ",--,--,--,"14,936 ","14,573 ","4,623 ","3,108 ","5,631 ","6,426 ","3,251 ","2,259 ","4,896 ","8,061 ","13,560 ","17,210 ","10,547 ","36,288 ","17,979 ","16,935 ","18,068 ","31,472 ","32,840 ","103,874 ","42,398 ","26,562 ","34,323 ","27,052 ","23,892 ","37,724 ","44,407 "
Other Payables,"41,305 ","70,638 ","12,255 ","11,488 ","33,007 ","4,392 ","6,086 ","202,939 ","178,550 ","209,530 ","329,846 ","329,703 ","15,773 ","26,385 ","27,652 ","26,252 ","10,347 ","9,978 ","8,750 ","8,301 ",117 ,117 ,117 ,117 ,"13,608 ",569 ,430 ,370 ,--,"31,045 ","24,250 ","24,953 ","24,754 ","3,972 ","2,908 ","2,497 ","3,483 ","10,952 ","10,184 ","29,175 ",--,"2,168,198 ","2,743,445 ","890,189 ","10,574,004 ","11,378,969 ","3,854,996 ","3,015,803 ","4,834,504 ","3,466,762 ","2,451,567 ","1,912,142 ","1,339,987 ","926,045 ","982,844 ","1,526,335 ","846,936 ","661,904 ","5,971,490 ","5,677,746 ","5,326,948 ","2,021,356 ","674,106 ","1,337,579 ","9,992,785 ","11,550,663 ","2,718,996 ","3,683,111 ","5,825,517 ","3,981,949 ","2,840,985 ","3,459,179 ","3,107,600 ","2,627,420 ","2,478,588 ","2,482,281 ","3,155,978 ","3,272,509 ","3,489,615 "
Discontinued Operations - Curr Liability,--,--,--,--,--,--,--,--,--,--,--,--,--,--,--,--,--,--,--,--,--,--,--,--,--,--,--,--,--,--,--,--,--,--,--,--,--,--,--,--,--,--,--,--,--,--,--,--,--,--,--,--,--,--,--,--,--,--,"4,200,425 ",--,--,--,--,--,--,--,--,--,--,--,"399,118 ",--,--,--,--,--,--,"3,830,920 ","3,715,640 "
Other Current Liabilities,"5,921 ","12,897 ","13,351 ","18,052 ","5,593 ","11,070 ","3,880 ","4,190 ","5,269 ","3,296 ","3,248 ","4,046 ","5,826 ","5,284 ","7,667 ","6,666 ","7,435 ","6,048 ","6,744 ","6,002 ","6,230 ","7,880 ","7,868 ","7,375 ","6,832 ","24,596 ","24,894 ","26,889 ","2,112 ","2,008 ","2,249 ","2,630 ","2,090 ","3,722 ","3,352 ","3,378 ","2,914 ","2,637 ","5,509 ","4,844 ","5,789 ","9,069 ","10,612 ","7,492 ","79,418 ","117,328 ","55,473 ","65,317 ","72,703 ","87,127 ","73,159 ","91,217 ","70,662 ","92,096 ","81,437 ","73,388 ","86,204 ","98,989 ","85,171 ","83,584 ","127,796 ","98,759 ","83,513 ","102,921 ","118,892 ","132,037 ","135,628 ","124,899 ","133,010 ","160,915 ","175,097 ","148,607 ","178,389 ","204,263 ","194,418 ","163,065 ","170,793 ","272,775 ","298,083 "
Total Current Liabilities,"140,396 ","189,366 ","104,253 ","129,999 ","141,072 ","148,560 ","167,790 ","347,580 ","360,394 ","393,650 ","529,578 ","568,360 ","301,924 ","361,470 ","392,400 ","279,738 ","435,936 ","449,581 ","510,568 ","532,191 ","568,348 ","365,494 ","363,278 ","387,709 ","345,519 ","345,266 ","318,765 ","319,037 ","526,321 ","246,704 ","219,347 ","176,760 ","401,530 ","33,165 ","21,574 ","18,214 ","16,850 ","58,495 ","256,937 ","282,916 ","365,646 ","2,621,779 ","3,134,201 ","1,998,478 ","13,278,890 ","14,261,737 ","8,425,074 ","8,048,153 ","9,259,569 ","8,336,811 ","8,147,418 ","7,525,756 ","6,803,257 ","7,312,162 ","6,952,521 ","6,198,889 ","4,826,207 ","4,725,423 ","14,228,319 ","9,747,494 ","9,027,579 ","10,651,870 ","11,018,144 ","12,578,011 ","21,823,541 ","24,402,937 ","25,832,621 ","27,186,549 ","28,767,396 ","27,546,621 ","28,483,361 ","30,700,106 ","26,730,611 ","22,523,314 ","25,401,941 ","24,784,368 ","26,090,700 ","29,613,388 ","34,299,344 "
,,,,,,,,,,,,,,,,,,,,,,,,,,,,,,,,,,,,,,,,,,,,,,,,,,,,,,,,,,,,,,,,,,,,,,,,,,,,,,,
Total Long Term Debt,"423,424 ","470,575 ","453,965 ","437,460 ","426,886 ","398,308 ","380,738 ","357,709 ","342,698 ","315,196 ","284,706 ","254,255 ","223,804 ","187,353 ","147,902 ","252,452 ",501 ,50 ,0 ,0 ,0 ,"223,824 ","224,166 ","203,205 ","189,571 ","182,680 ","238,606 ","233,666 ",0 ,"280,648 ","263,648 ","259,148 ",0 ,828 ,726 ,"2,112 ","1,880 ","173,389 ","476,102 ","460,333 ","512,219 ","564,506 ","2,940,926 ","6,034,731 ","13,903,808 ","16,225,480 ","23,859,333 ","23,549,258 ","24,061,423 ","24,519,584 ","23,842,103 ","24,244,836 ","23,834,071 ","23,072,779 ","22,785,053 ","23,865,924 ","27,220,266 ","29,729,781 ","25,989,022 ","26,074,534 ","26,789,710 ","27,722,126 ","28,728,414 ","28,256,236 ","29,477,977 ","28,242,539 ","27,732,926 ","27,388,004 ","28,819,151 ","28,946,229 ","31,459,940 ","31,310,770 ","34,201,557 ","37,055,953 ","33,497,613 ","34,745,649 ","32,224,754 ","29,451,839 ","25,385,315 "
Long Term Debt,"422,690 ","470,000 ","453,500 ","437,000 ","426,500 ","398,000 ","375,500 ","353,000 ","338,500 ","311,500 ","281,500 ","251,500 ","221,500 ","185,500 ","146,500 ","251,500 ",--,--,--,--,0 ,"223,824 ","224,166 ","203,205 ","189,571 ","182,680 ","238,606 ","233,666 ",--,"280,648 ","263,648 ","259,148 ",0 ,--,--,--,--,"171,097 ","471,769 ","452,191 ","503,720 ","556,890 ","2,934,216 ","6,024,780 ","13,887,478 ","16,205,886 ","23,839,035 ","23,534,905 ","24,049,090 ","24,509,257 ","23,833,545 ","24,233,462 ","23,820,696 ","23,061,463 ","22,774,020 ","23,856,638 ","27,211,935 ","29,722,957 ","25,981,774 ","26,068,313 ","26,777,499 ","27,343,445 ","28,347,899 ","27,909,393 ","29,137,976 ","27,944,622 ","27,420,756 ","27,096,476 ","28,515,846 ","28,648,389 ","31,163,437 ","31,004,716 ","33,811,094 ","36,674,213 ","33,091,752 ","34,375,147 ","31,860,952 ","29,104,514 ","24,908,967 "
Capital Lease Obligations,734 ,575 ,465 ,460 ,386 ,308 ,"5,238 ","4,709 ","4,198 ","3,696 ","3,206 ","2,755 ","2,304 ","1,853 ","1,402 ",952 ,501 ,50 ,0 ,0 ,--,0 ,--,--,--,--,--,--,--,--,--,--,--,828 ,726 ,"2,112 ","1,880 ","2,292 ","4,333 ","8,142 ","8,499 ","7,616 ","6,710 ","9,951 ","16,330 ","19,594 ","20,298 ","14,353 ","12,333 ","10,327 ","8,558 ","11,374 ","13,375 ","11,316 ","11,033 ","9,286 ","8,331 ","6,824 ","7,248 ","6,221 ","12,211 ","378,681 ","380,515 ","346,843 ","340,001 ","297,917 ","312,170 ","291,528 ","303,305 ","297,840 ","296,503 ","306,054 ","390,463 ","381,740 ","405,861 ","370,502 ","363,802 ","347,325 ","476,348 "
Total Debt,"485,985 ","553,092 ","518,227 ","501,875 ","491,242 ","485,957 ","495,928 ","469,026 ","491,370 ","464,892 ","445,960 ","441,478 ","464,203 ","477,464 ","465,994 ","449,976 ","356,181 ","368,212 ","403,642 ","419,990 ","458,170 ","460,154 ","459,753 ","466,499 ","402,645 ","403,474 ","427,238 ","429,720 ","401,949 ","393,780 ","399,780 ","361,738 ","340,738 ","4,383 ","5,717 ","4,505 ","2,818 ","204,360 ","703,879 ","691,432 ","751,367 ","867,383 ","3,299,905 ","7,075,800 ","16,106,967 ","18,577,728 ","27,516,345 ","28,256,725 ","28,217,402 ","29,108,756 ","29,104,164 ","29,371,314 ","28,926,574 ","29,095,303 ","28,340,452 ","28,092,391 ","30,882,344 ","33,487,699 ","29,655,662 ","29,748,928 ","30,079,928 ","35,888,978 ","38,625,631 ","38,983,537 ","40,500,116 ","40,357,562 ","50,153,753 ","50,191,130 ","50,706,437 ","51,720,903 ","55,780,943 ","57,489,203 ","56,955,719 ","56,226,224 ","55,743,558 ","56,284,102 ","54,361,474 ","50,929,601 ","51,564,166 "
Deferred Income Tax,--,--,--,--,--,--,--,--,--,--,--,--,--,--,--,--,--,--,--,--,--,--,--,--,--,--,--,--,--,--,--,--,--,--,--,--,--,--,--,--,--,--,--,--,--,--,--,--,--,--,--,--,--,--,--,--,--,--,--,"271,444 ","227,824 ","227,823 ","250,271 ","250,271 ","213,469 ","256,890 ","248,239 ","255,458 ","416,988 ","326,516 ","327,699 ","266,124 ","387,625 ","390,491 ","388,216 ","391,007 ","393,196 ","390,069 ","387,553 "
Deferred Income Tax - LT Liability,--,--,--,--,--,--,--,--,--,--,--,--,--,--,--,--,--,--,--,--,--,--,--,--,--,--,--,--,--,--,--,--,--,--,--,--,--,--,--,--,--,--,--,--,--,--,--,--,--,--,--,--,--,--,--,--,--,--,--,"271,444 ","227,824 ","227,823 ","250,271 ","250,271 ","213,469 ","256,890 ","248,239 ","255,458 ","416,988 ","326,516 ","327,699 ","266,124 ","387,625 ","390,491 ","388,216 ","391,007 ","393,196 ","390,069 ","387,553 "
Minority Interest,--,--,--,--,--,--,--,--,--,--,--,--,--,--,--,--,--,--,--,--,--,--,--,--,--,--,--,--,0 ,--,--,--,--,"15,667 ","16,322 ","16,566 ","16,651 ","17,294 ","17,554 ","17,335 ","18,171 ","19,794 ","39,348 ","99,599 ","903,573 ","1,175,021 ","2,906,377 ","3,158,616 ","3,250,753 ","3,309,200 ","3,400,919 ","3,523,657 ","3,497,889 ","3,580,478 ","3,638,608 ","3,687,462 ","3,801,920 ","3,866,956 ","3,348,620 ","3,389,710 ","3,383,504 ","2,758,758 ","2,892,279 ","2,903,158 ","3,841,874 ","4,104,808 ","2,402,192 ","2,477,545 ","1,850,031 ","1,869,455 ","1,826,642 ","1,758,630 ","1,764,171 ","1,767,630 ","3,194,575 ","2,618,107 ","2,470,938 ","2,510,782 ","2,413,656 "
"Other Liabilities, Total",--,--,--,--,--,--,--,--,--,--,--,--,--,--,--,--,--,--,--,--,--,--,--,--,0 ,"4,924 ","5,250 ","5,509 ","6,178 ","6,540 ","6,422 ","6,544 ","6,670 ","3,736 ","3,454 ","3,024 ","4,175 ","4,266 ","4,238 ","4,237 ","7,003 ","7,671 ","8,561 ","9,471 ","9,425 ","9,544 ","5,261 ","6,561 ","7,925 ","10,344 ","10,696 ","10,692 ","10,789 ","11,315 ","18,739 ","12,232 ","48,437 ","18,488 ","22,708 ","586,438 ","766,156 ","784,618 ","806,722 ","854,298 ","1,022,247 ","1,033,563 ","1,058,598 ","1,100,255 ","1,092,804 ","1,075,974 ","1,122,063 ","1,116,848 ","1,032,134 ","1,252,489 ","1,631,479 ","1,619,534 ","1,048,877 ","1,068,589 ","1,057,227 "
Pension Benefits - Underfunded,--,--,--,--,--,--,--,--,--,--,--,--,--,--,--,--,--,--,--,--,--,--,--,--,0 ,"4,924 ","5,250 ","5,509 ","6,178 ","6,540 ","6,422 ","6,544 ","6,670 ","3,736 ","3,454 ","3,024 ","4,175 ","4,266 ","4,238 ","4,237 ","7,003 ","7,671 ","8,561 ","9,471 ","9,425 ","9,544 ","5,261 ","5,261 ","6,414 ","6,887 ","7,359 ","7,832 ","7,477 ","8,027 ","5,429 ","5,979 ","6,403 ","7,152 ","7,959 ","9,505 ","10,742 ","11,392 ","12,025 ","13,029 ","13,581 ","14,330 ","15,079 ","15,829 ","17,666 ","20,442 ","21,788 ","23,079 ","23,429 ","23,200 ","24,578 ","25,944 ","27,064 ","27,298 ","28,469 "
Other Long Term Liabilities,--,--,--,--,--,--,--,--,--,--,--,--,--,--,--,--,--,--,--,--,--,--,--,--,--,--,--,--,--,--,--,--,--,--,--,--,--,--,--,--,--,--,--,--,--,--,--,"1,300 ","1,511 ","3,457 ","3,337 ","2,860 ","3,312 ","3,288 ","13,310 ","6,253 ","42,034 ","11,336 ","14,749 ","576,933 ","755,414 ","773,226 ","794,697 ","841,269 ","1,008,666 ","1,019,233 ","1,043,519 ","1,084,426 ","1,075,138 ","1,055,532 ","1,100,275 ","1,093,769 ","1,008,705 ","1,229,289 ","1,606,901 ","1,593,590 ","1,021,813 ","1,041,291 ","1,028,758 "
Total Liabilities,"563,820 ","659,941 ","558,218 ","567,459 ","567,958 ","546,868 ","548,528 ","705,289 ","703,092 ","708,846 ","814,284 ","822,615 ","525,728 ","548,823 ","540,302 ","532,190 ","436,437 ","449,631 ","510,568 ","532,191 ","568,348 ","589,318 ","587,444 ","590,914 ","535,090 ","532,870 ","562,621 ","558,212 ","532,499 ","533,892 ","489,417 ","442,452 ","408,200 ","53,396 ","42,076 ","39,916 ","39,557 ","253,444 ","754,831 ","764,821 ","903,039 ","3,213,750 ","6,123,036 ","8,142,279 ","28,095,696 ","31,671,782 ","35,196,045 ","34,762,588 ","36,579,670 ","36,175,939 ","35,401,136 ","35,304,941 ","34,146,006 ","33,976,734 ","33,394,921 ","33,764,507 ","35,896,830 ","38,340,648 ","43,588,669 ","40,069,620 ","40,194,773 ","42,145,195 ","43,695,830 ","44,841,974 ","56,379,108 ","58,040,737 ","57,274,576 ","58,407,811 ","60,946,370 ","59,764,795 ","63,219,705 ","65,152,478 ","64,116,098 ","62,989,877 ","64,113,824 ","64,158,665 ","62,228,465 ","63,034,667 ","63,543,095 "
,,,,,,,,,,,,,,,,,,,,,,,,,,,,,,,,,,,,,,,,,,,,,,,,,,,,,,,,,,,,,,,,,,,,,,,,,,,,,,,
Shareholders Equity (THB Thousands),,,,,,,,,,,,,,,,,,,,,,,,,,,,,,,,,,,,,,,,,,,,,,,,,,,,,,,,,,,,,,,,,,,,,,,,,,,,,,,
"Common Stock, Total","330,000 ","210,000 ","300,000 ","300,000 ","300,000 ","300,000 ","300,000 ","300,000 ","300,000 ","300,000 ","300,000 ","300,000 ","300,000 ","300,000 ","300,000 ","300,000 ","450,000 ","450,000 ","450,000 ","450,000 ","450,000 ","471,832 ","471,832 ","471,832 ","471,832 ","471,832 ","471,832 ","471,832 ","538,249 ","538,249 ","538,249 ","629,109 ","629,109 ","629,109 ","629,109 ","766,542 ","975,292 ","1,157,451 ","1,679,109 ","2,014,925 ","2,014,925 ","2,021,578 ","2,125,416 ","2,416,016 ","2,734,946 ","2,734,946 ","2,734,946 ","2,734,946 ","2,734,946 ","2,734,946 ","2,734,947 ","2,734,947 ","2,734,947 ","2,734,947 ","2,734,947 ","2,734,947 ","2,734,947 ","2,734,947 ","2,734,947 ","2,734,947 ","2,734,947 ","2,734,947 ","2,734,947 ","2,734,947 ","2,734,947 ","2,734,947 ","2,734,947 ","2,734,947 ","2,734,947 ","2,734,947 ","2,734,947 ","2,734,947 ","2,734,947 ","2,734,947 ","2,734,947 ","2,734,947 ","2,734,947 ","2,734,947 ","2,734,947 "
Common Stock,"330,000 ","210,000 ","300,000 ","300,000 ","300,000 ","300,000 ","300,000 ","300,000 ","300,000 ","300,000 ","300,000 ","300,000 ","300,000 ","300,000 ","300,000 ","300,000 ","450,000 ","450,000 ","450,000 ","450,000 ","450,000 ","471,832 ","471,832 ","471,832 ","471,832 ","471,832 ","471,832 ","471,832 ","538,249 ","538,249 ","538,249 ","629,109 ","629,109 ","629,109 ","629,109 ","766,542 ","975,292 ","1,157,451 ","1,679,109 ","2,014,925 ","2,014,925 ","2,021,578 ","2,125,416 ","2,416,016 ","2,734,946 ","2,734,946 ","2,734,946 ","2,734,946 ","2,734,946 ","2,734,946 ","2,734,947 ","2,734,947 ","2,734,947 ","2,734,947 ","2,734,947 ","2,734,947 ","2,734,947 ","2,734,947 ","2,734,947 ","2,734,947 ","2,734,947 ","2,734,947 ","2,734,947 ","2,734,947 ","2,734,947 ","2,734,947 ","2,734,947 ","2,734,947 ","2,734,947 ","2,734,947 ","2,734,947 ","2,734,947 ","2,734,947 ","2,734,947 ","2,734,947 ","2,734,947 ","2,734,947 ","2,734,947 ","2,734,947 "
Additional Paid-In Capital,--,--,"370,900 ","370,900 ","370,900 ","370,900 ","370,900 ","370,900 ","370,900 ","370,900 ","370,900 ","370,900 ","370,900 ","370,900 ","370,900 ","370,900 ","321,400 ","321,400 ","321,400 ","321,400 ","321,400 ","314,195 ","314,195 ","314,195 ","314,195 ","314,195 ","314,195 ","314,195 ","284,972 ","284,972 ","284,972 ","244,994 ","244,994 ","244,993 ","244,993 ","284,849 ","345,387 ","398,213 ","549,494 ","2,900,209 ","2,900,209 ","2,956,623 ","4,594,727 ","7,059,018 ","9,763,542 ","9,763,542 ","9,763,542 ","9,763,542 ","9,763,542 ","9,763,542 ","9,002,572 ","9,002,572 ","9,002,572 ","9,002,572 ","9,002,572 ","9,002,572 ","9,002,572 ","9,002,572 ","9,002,572 ","9,002,572 ","9,002,572 ","9,002,572 ","9,002,572 ","9,002,590 ","9,002,590 ","9,002,590 ","9,002,590 ","9,002,590 ","9,002,590 ","9,002,590 ","9,002,590 ","9,002,590 ","9,002,590 ","9,002,590 ","9,002,590 ","9,002,590 ","9,002,590 ","9,002,590 ","9,002,590 "
Retained Earnings (Accumulated Deficit),"(85,607)","69,724 ","65,081 ","70,864 ","35,161 ","3,950 ","(30,308)","(59,566)","(89,155)","(116,959)","(172,683)","(207,358)","(230,188)","(256,095)","(281,050)","(306,420)","(339,593)","(411,249)","(484,148)","(517,260)","(628,299)","(640,802)","(662,410)","(679,293)","(667,757)","(652,963)","(693,465)","(712,207)","(703,876)","(670,528)","(671,271)","(660,613)","(675,633)","(586,603)","(591,273)","(604,516)","(613,474)","(618,278)","(633,973)","(673,161)","(703,025)","975,976 ","(920,615)","(1,048,587)","(1,415,439)","(1,397,748)","(1,338,339)","(1,135,055)","(1,053,024)","(548,065)","556,542 ","879,757 ","987,815 ","1,400,128 ","1,742,172 ","1,855,547 ","2,030,228 ","2,425,788 ","2,724,188 ","3,872,241 ","3,886,608 ","4,795,112 ","4,943,471 ","5,423,100 ","5,378,457 ","6,202,527 ","7,294,034 ","7,819,748 ","7,916,682 ","8,448,975 ","8,521,132 ","8,477,442 ","8,456,816 ","8,967,409 ","9,310,681 ","8,473,842 ","8,329,400 ","8,520,251 ","8,214,282 "
Unrealized Gain (Loss),--,--,--,--,--,--,--,--,--,--,--,--,--,--,--,--,--,--,--,--,--,--,--,--,--,--,--,--,--,--,--,--,--,--,--,--,--,--,--,--,--,--,--,--,--,--,--,--,--,--,--,--,--,--,--,--,--,--,--,--,--,--,--,--,--,--,--,--,--,--,--,"(119,467)","(126,685)","(155,557)","(180,884)","(111,684)","(185,873)","(237,843)","(294,144)"
"Other Equity, Total",--,--,--,--,--,--,--,--,--,--,--,--,--,--,--,--,--,--,--,--,--,--,--,--,--,--,--,--,--,--,--,--,--,--,--,--,--,--,--,--,--,--,--,--,--,--,(1),(207),(319),(686),(663),(656),(690),"(1,202)","(2,295)","(2,220)","(14,616)","(40,240)","(150,876)","(155,417)","(149,470)","(236,664)","(197,899)","(201,895)","(334,791)","(165,137)","(141,517)","(48,435)","(70,655)","(91,236)","(89,968)","(181,329)","(332,313)","(349,948)","(198,798)","(190,113)","(404,968)","(191,988)","(239,328)"
Translation Adjustment,--,--,--,--,--,--,--,--,--,--,--,--,--,--,--,--,--,--,--,--,--,--,--,--,--,--,--,--,--,--,--,--,--,--,--,--,--,--,--,--,--,--,--,--,--,--,--,--,(319),(686),(663),(656),(690),"(1,202)","(2,295)","(2,220)","(14,616)","(40,240)","(150,876)","(155,417)","(149,470)","(236,664)","(197,899)","(201,895)","(334,791)","(165,137)","(141,517)","(48,435)","(70,236)","(80,608)","(79,314)","(172,722)","(328,165)","(345,711)","(194,535)","(185,873)","(400,704)","(187,724)","(235,064)"
Other Equity,--,--,--,--,--,--,--,--,--,--,--,--,--,--,--,--,--,--,--,--,--,--,--,--,--,--,--,--,--,--,--,--,--,--,--,--,--,--,--,--,--,--,--,--,--,--,(1),(207),--,--,--,--,--,--,--,--,--,--,--,--,--,--,--,--,--,--,--,--,--,--,--,--,--,--,--,--,--,--,--
Minimum Pension Liability Adjustment,--,--,--,--,--,--,--,--,--,--,--,--,--,--,--,--,--,--,--,--,--,--,--,--,--,--,--,--,--,--,--,--,--,--,--,--,--,--,--,--,--,--,--,--,--,--,--,--,--,--,--,--,--,--,--,--,--,--,--,--,--,--,--,--,--,--,--,--,(419),"(10,628)","(10,654)","(8,607)","(4,148)","(4,237)","(4,263)","(4,240)","(4,264)","(4,264)","(4,264)"
Total Equity,"244,393 ","279,724 ","735,981 ","741,764 ","706,061 ","674,850 ","640,592 ","611,334 ","581,745 ","553,941 ","498,217 ","463,542 ","440,712 ","414,805 ","389,850 ","364,480 ","431,807 ","360,151 ","287,252 ","254,140 ","143,101 ","145,225 ","123,617 ","106,734 ","118,270 ","133,064 ","92,562 ","73,820 ","119,345 ","152,693 ","151,950 ","213,490 ","198,469 ","287,499 ","282,829 ","446,875 ","707,205 ","937,386 ","1,594,630 ","4,241,973 ","4,212,109 ","5,954,177 ","5,799,528 ","8,426,447 ","11,083,049 ","11,100,740 ","11,160,148 ","11,363,226 ","11,445,145 ","11,949,737 ","12,293,398 ","12,616,620 ","12,724,644 ","13,136,445 ","13,477,396 ","13,590,846 ","13,753,131 ","14,123,067 ","14,310,831 ","15,454,343 ","15,474,657 ","16,295,967 ","16,483,091 ","16,958,742 ","16,781,203 ","17,774,927 ","18,890,054 ","19,508,850 ","19,583,564 ","20,095,276 ","20,168,701 ","19,914,183 ","19,735,355 ","20,199,441 ","20,668,536 ","19,909,582 ","19,476,096 ","19,827,957 ","19,418,347 "
,,,,,,,,,,,,,,,,,,,,,,,,,,,,,,,,,,,,,,,,,,,,,,,,,,,,,,,,,,,,,,,,,,,,,,,,,,,,,,,
Total Liabilities & Shareholders' Equity,"808,213 ","939,665 ","1,294,199 ","1,309,223 ","1,274,019 ","1,221,718 ","1,189,120 ","1,316,623 ","1,284,837 ","1,262,787 ","1,312,501 ","1,286,157 ","966,440 ","963,628 ","930,152 ","896,670 ","868,244 ","809,782 ","797,820 ","786,331 ","711,449 ","734,543 ","711,061 ","697,648 ","653,360 ","665,934 ","655,183 ","632,032 ","651,844 ","686,585 ","641,367 ","655,942 ","606,670 ","340,895 ","324,905 ","486,791 ","746,762 ","1,190,830 ","2,349,461 ","5,006,794 ","5,115,148 ","9,167,927 ","11,922,564 ","16,568,726 ","39,178,745 ","42,772,522 ","46,356,193 ","46,125,814 ","48,024,815 ","48,125,676 ","47,694,534 ","47,921,561 ","46,870,650 ","47,113,179 ","46,872,317 ","47,355,353 ","49,649,961 ","52,463,715 ","57,899,500 ","55,523,963 ","55,669,430 ","58,441,162 ","60,178,921 ","61,800,716 ","73,160,311 ","75,815,664 ","76,164,630 ","77,916,661 ","80,529,934 ","79,860,071 ","83,388,406 ","85,066,661 ","83,851,453 ","83,189,318 ","84,782,360 ","84,068,247 ","81,704,561 ","82,862,624 ","82,961,442 "
,,,,,,,,,,,,,,,,,,,,,,,,,,,,,,,,,,,,,,,,,,,,,,,,,,,,,,,,,,,,,,,,,,,,,,,,,,,,,,,
Supplemental (THB Thousands),,,,,,,,,,,,,,,,,,,,,,,,,,,,,,,,,,,,,,,,,,,,,,,,,,,,,,,,,,,,,,,,,,,,,,,,,,,,,,,
Total Common Shares Outstanding,"3,211,490 ","3,211,490 ","3,211,490 ","3,211,490 ","3,211,490 ","3,211,490 ","3,211,490 ","3,211,490 ","3,211,490 ","3,211,490 ","3,211,490 ","3,211,490 ","3,211,490 ","3,211,490 ","3,211,490 ","3,211,490 ","4,817,236 ","4,817,236 ","4,817,236 ","4,817,236 ","4,817,236 ","5,050,943 ","5,050,943 ","5,050,943 ","5,050,943 ","5,050,943 ","5,050,943 ","5,050,943 ","5,761,941 ","5,761,941 ","5,761,941 ","5,761,941 ","6,734,591 ","6,734,591 ","6,734,591 ","7,904,728 ","10,057,397 ","11,935,854 ","17,315,286 ","20,294,153 ","20,294,153 ","20,215,779 ","21,254,158 ","24,160,161 ","27,349,459 ","27,349,459 ","27,349,459 ","27,349,459 ","27,349,459 ","27,349,459 ","27,349,466 ","27,349,466 ","27,349,466 ","27,349,466 ","27,349,466 ","27,349,466 ","27,349,466 ","27,349,466 ","27,349,466 ","27,349,466 ","27,349,466 ","27,349,466 ","27,349,466 ","27,349,466 ","27,349,473 ","27,349,473 ","27,349,473 ","27,349,473 ","27,349,473 ","27,349,473 ","27,349,473 ","27,349,473 ","27,349,473 ","27,349,473 ","27,349,473 ","27,349,473 ","27,349,473 ","27,349,473 ","27,349,473 "
Shares Outs - Common Stock Primary Issue,"3,211,490 ","3,211,490 ","3,211,490 ","3,211,490 ","3,211,490 ","3,211,490 ","3,211,490 ","3,211,490 ","3,211,490 ","3,211,490 ","3,211,490 ","3,211,490 ","3,211,490 ","3,211,490 ","3,211,490 ","3,211,490 ","4,817,236 ","4,817,236 ","4,817,236 ","4,817,236 ","4,817,236 ","5,050,943 ","5,050,943 ","5,050,943 ","5,050,943 ","5,050,943 ","5,050,943 ","5,050,943 ","5,761,941 ","5,761,941 ","5,761,941 ","5,761,941 ","6,734,591 ","6,734,591 ","6,734,591 ","7,904,728 ","10,057,397 ","11,935,854 ","17,315,286 ","20,294,153 ","20,294,153 ","20,215,779 ","21,254,158 ","24,160,161 ","27,349,459 ","27,349,459 ","27,349,459 ","27,349,459 ","27,349,459 ","27,349,459 ","27,349,466 ","27,349,466 ","27,349,466 ","27,349,466 ","27,349,466 ","27,349,466 ","27,349,466 ","27,349,466 ","27,349,466 ","27,349,466 ","27,349,466 ","27,349,466 ","27,349,466 ","27,349,466 ","27,349,473 ","27,349,473 ","27,349,473 ","27,349,473 ","27,349,473 ","27,349,473 ","27,349,473 ","27,349,473 ","27,349,473 ","27,349,473 ","27,349,473 ","27,349,473 ","27,349,473 ","27,349,473 ","27,349,473 "
Treas Shares - Common Stock Prmry Issue,--,--,--,--,--,--,--,--,--,0 ,0 ,0 ,0 ,0 ,0 ,0 ,--,--,--,--,--,--,--,--,--,--,--,--,--,--,--,--,--,--,--,0 ,0 ,0 ,0 ,0 ,0 ,0 ,0 ,0 ,0 ,0 ,0 ,0 ,0 ,0 ,0 ,0 ,0 ,0 ,0 ,0 ,0 ,0 ,0 ,0 ,0 ,0 ,0 ,0 ,0 ,0 ,0 ,0 ,0 ,0 ,0 ,0 ,0 ,0 ,0 ,0 ,0 ,0 ,0 
Minority Interest - Non Redeemable,--,--,--,--,--,--,--,--,--,--,--,--,--,--,--,--,--,--,--,--,--,--,--,--,--,--,--,--,0 ,--,--,--,--,"15,667 ","16,322 ","16,566 ","16,651 ","17,294 ","17,554 ","17,335 ","18,171 ","19,794 ","39,348 ","99,599 ","903,573 ","1,175,021 ","2,906,377 ","3,158,616 ","3,250,753 ","3,309,200 ","3,400,919 ","3,523,657 ","3,497,889 ","3,580,478 ","3,638,608 ","3,687,462 ","3,801,920 ","3,866,956 ","3,348,620 ","3,389,710 ","3,383,504 ","2,758,758 ","2,892,279 ","2,903,158 ","3,841,874 ","4,104,808 ","2,402,192 ","2,477,545 ","1,850,031 ","1,869,455 ","1,826,642 ","1,758,630 ","1,764,171 ","1,767,630 ","3,194,575 ","2,618,107 ","2,470,938 ","2,510,782 ","2,413,656 "
Total Equity & Minority Interest,"244,393 ","279,724 ","735,981 ","741,764 ","706,061 ","674,850 ","640,592 ","611,334 ","581,745 ","553,941 ","498,217 ","463,542 ","440,712 ","414,805 ","389,850 ","364,480 ","431,807 ","360,151 ","287,252 ","254,140 ","143,101 ","145,225 ","123,617 ","106,734 ","118,270 ","133,064 ","92,562 ","73,820 ","119,345 ","152,693 ","151,950 ","213,490 ","198,469 ","303,166 ","299,151 ","463,441 ","723,857 ","954,680 ","1,612,184 ","4,259,308 ","4,230,280 ","5,973,971 ","5,838,876 ","8,526,046 ","11,986,622 ","12,275,761 ","14,066,525 ","14,521,842 ","14,695,898 ","15,258,937 ","15,694,317 ","16,140,277 ","16,222,533 ","16,716,923 ","17,116,004 ","17,278,308 ","17,555,051 ","17,990,023 ","17,659,451 ","18,844,053 ","18,858,161 ","19,054,725 ","19,375,370 ","19,861,900 ","20,623,077 ","21,879,735 ","21,292,246 ","21,986,395 ","21,433,595 ","21,964,731 ","21,995,343 ","21,672,813 ","21,499,526 ","21,967,071 ","23,863,111 ","22,527,689 ","21,947,034 ","22,338,739 ","21,832,003 "
Full-Time Employees,218 ,--,--,--,220 ,--,--,--,199 ,--,--,--,--,--,--,--,173 ,--,--,--,--,--,--,--,173 ,--,--,--,170 ,--,--,--,--,--,--,--,178 ,--,--,--,--,--,--,--,--,--,--,--,--,--,--,--,--,--,--,--,--,--,--,--,168 ,--,--,--,--,--,--,--,--,--,--,--,--,--,--,--,--,--,--
Other Property/Plant/Equipment - Net,"660,224 ","695,073 ","738,449 ","753,197 ","746,841 ","884,330 ","735,286 ","721,761 ","708,271 ","695,563 ","295,820 ","280,876 ","262,177 ","267,214 ","250,914 ","244,841 ",--,--,--,--,--,--,--,--,--,--,--,--,"444,801 ","474,914 ","464,853 ","453,665 ","441,942 ","54,078 ","53,116 ","54,283 ","53,795 ","463,098 ","914,489 ","1,036,008 ","1,901,581 ","4,574,978 ","7,327,052 ","10,254,226 ","29,127,349 ","34,282,991 ","36,511,749 ","37,006,447 ","39,774,162 ","39,240,954 ","38,880,058 ","39,169,161 ","39,165,465 ","38,837,410 ","38,487,868 ","38,894,688 ","39,091,079 ","39,107,692 ","39,013,162 ","38,704,144 ","39,016,340 ","40,884,169 ","40,400,935 ","43,910,257 ","54,836,107 ","55,734,453 ","56,177,510 ","58,089,777 ","59,969,471 ","59,826,815 ","61,381,506 ","63,881,223 ","61,741,606 ","61,572,361 ","62,399,201 ","62,250,738 ","60,053,494 ","54,754,605 ","54,822,228 "
Intangibles - Net,--,0 ,--,--,256 ,--,--,--,337 ,326 ,316 ,306 ,295 ,284 ,275 ,264 ,254 ,244 ,204 ,195 ,186 ,177 ,168 ,158 ,149 ,140 ,131 ,122 ,112 ,104 ,94 ,85 ,76 ,67 ,58 ,49 ,40 ,"83,374 ","135,499 ","130,862 ","335,256 ","722,929 ","708,393 ","815,733 ","3,330,180 ","3,374,980 ","3,341,579 ","3,354,036 ","3,469,107 ","3,442,917 ","3,400,524 ","3,385,621 ","3,404,577 ","3,463,738 ","3,421,594 ","3,403,279 ","3,404,328 ","3,371,063 ","4,302,465 ","4,304,145 ","3,952,124 ","3,905,511 ","3,897,778 ","4,835,206 ","6,825,870 ","6,960,009 ","7,058,235 ","7,015,427 ","6,928,872 ","6,850,120 ","6,823,853 ","6,744,126 ","6,674,286 ","6,607,885 ","6,542,747 ","6,672,653 ","6,539,323 ","6,000,170 ","5,941,528 "
Goodwill - Net,--,--,--,--,--,--,--,--,--,--,--,--,--,--,--,--,--,--,--,--,--,--,--,--,--,--,--,--,--,--,--,--,--,--,--,--,--,--,--,--,116 ,--,--,--,116 ,--,--,--,"1,343 ","1,343 ","1,343 ","6,416 ","5,629 ","5,629 ","5,629 ","5,629 ","5,629 ","5,629 ","203,892 ","203,742 ","203,742 ","395,868 ","317,444 ","321,954 ","312,257 ","185,071 ","185,071 ","185,071 ","185,071 ","185,071 ","185,071 ","185,071 ","185,071 ","185,071 ","185,071 ","185,071 ","185,071 ","185,071 ","185,071 "
"Right-of-Use Assets-Cap.Lease,Net-Suppl.",--,--,--,--,--,--,--,--,--,--,--,--,--,--,--,--,--,--,--,--,--,--,--,--,--,--,--,--,--,--,--,--,--,--,--,--,--,--,--,--,--,--,--,--,--,--,--,--,--,--,--,--,--,--,--,--,--,--,--,--,--,"589,364 ","597,518 ","591,416 ","1,599,419 ","1,636,533 ","1,666,901 ","1,698,118 ","1,697,676 ","1,680,957 ","1,703,533 ","1,752,890 ","1,707,305 ","1,686,475 ","1,734,198 ","1,678,378 ","1,569,708 ","1,587,047 ","1,678,186 "
Deferred Revenue - Current,--,--,--,--,--,--,--,--,--,--,--,--,--,--,--,--,--,--,--,--,--,--,--,--,--,--,--,--,--,--,--,--,--,--,--,--,--,"1,366 ",760 ,443 ,--,--,--,--,"200,801 ",--,--,--,"5,565 ",--,"7,410 ","3,173 ","1,662 ","2,311 ","4,488 ","1,481 ",403 ,"1,184 ","3,875 ","73,842 ","68,022 ","70,864 ","132,857 ","166,269 ","66,936 ","100,721 ","121,831 ","154,463 ","66,019 ","100,877 ","188,077 ","151,555 ","74,822 ","100,735 ","107,525 ","119,969 ","64,347 ","95,758 ","111,607 "
"Curr. Port. of LT Capital Leases, Suppl.",--,--,--,--,--,--,--,--,--,--,--,--,--,--,--,--,--,--,--,--,--,--,--,--,--,--,--,--,--,--,--,--,--,--,--,--,--,--,--,--,--,--,--,--,"7,356 ","4,830 ","4,684 ","8,508 ","8,459 ","8,348 ","7,975 ","9,083 ","9,490 ","9,010 ","9,026 ","8,505 ","9,752 ","8,477 ","7,869 ","6,381 ","7,658 ","52,103 ","61,435 ","64,432 ","62,715 ","95,172 ","99,374 ","78,153 ","56,636 ","61,887 ","60,239 ","54,507 ","62,258 ","69,991 ","67,705 ","70,684 ","70,355 ","69,630 ","73,633 "
"Curr Derivative Liab. Hedging, Suppl.",--,--,--,--,--,--,--,--,--,--,--,--,--,--,--,--,--,--,--,--,--,--,--,--,--,--,--,--,--,--,--,--,--,--,--,--,--,--,--,--,--,--,--,--,--,--,--,--,--,--,--,--,--,--,--,--,--,--,--,--,--,--,--,--,--,--,--,--,--,--,--,--,--,--,"1,525 ","1,354 ",430 ,318 ,105 
"Non-Curr Derivative Liab. Hedging, Suppl",--,--,--,--,--,--,--,--,--,--,--,--,--,--,--,--,--,--,--,--,--,--,--,--,--,--,--,--,--,--,--,--,--,--,--,--,--,--,--,--,--,--,--,--,--,--,--,--,--,--,--,--,--,--,--,--,--,--,--,--,--,--,--,--,--,--,--,--,--,--,--,--,"13,264 ","19,744 ","10,620 ",512 ,"13,626 ","19,584 ","12,371 "
Total Current Assets less Inventory,"93,365 ","189,609 ","353,058 ","349,112 ","287,059 ","297,454 ","266,762 ","396,520 ","380,370 ","382,966 ","458,425 ","461,775 ","157,853 ","164,103 ","137,841 ","118,130 ","29,425 ","26,762 ","27,493 ","32,060 ","34,745 ","58,056 ","42,087 ","42,294 ","34,139 ","48,167 ","48,824 ","44,453 ","65,432 ","111,311 ","72,576 ","102,988 ","72,667 ","269,715 ","256,747 ","371,084 ","672,822 ","595,607 ","1,175,272 ","3,674,466 ","2,656,616 ","2,889,684 ","2,813,615 ","4,193,641 ","3,324,502 ","1,832,584 ","3,223,525 ","2,819,406 ","1,487,176 ","2,002,285 ","1,848,171 ","2,972,441 ","1,386,083 ","1,849,935 ","1,839,718 ","2,215,451 ","3,221,797 ","4,309,712 ","9,559,319 ","5,791,736 ","4,944,167 ","5,229,409 ","6,905,186 ","4,296,845 ","3,569,992 ","4,230,532 ","5,561,619 ","4,826,901 ","4,997,935 ","4,455,497 ","6,031,921 ","4,788,875 ","5,569,978 ","5,244,979 ","6,118,637 ","5,663,070 ","5,144,970 ","11,936,703 ","12,047,520 "
Net Debt Incl. Pref.Stock & Min.Interest,"456,302 ","531,656 ","297,827 ","287,074 ","448,747 ","437,216 ","481,597 ","445,195 ","489,102 ","456,101 ","427,499 ","434,003 ","457,231 ","468,287 ","458,103 ","445,085 ","351,289 ","362,634 ","398,346 ","412,200 ","450,365 ","437,915 ","453,601 ","457,926 ","392,321 ","391,980 ","414,385 ","414,575 ","366,782 ","332,326 ","372,851 ","324,782 ","311,784 ","(120,558)","(79,311)","(106,863)","(334,456)","80,444 ","25,260 ","(2,329,315)","(892,644)","(1,241,728)","2,045,825 ","6,494,071 ","16,163,763 ","19,615,073 ","29,365,417 ","30,605,644 ","31,318,448 ","32,118,434 ","32,261,659 ","32,639,063 ","32,083,211 ","32,140,211 ","31,496,779 ","30,916,844 ","32,840,154 ","35,339,033 ","31,555,416 ","29,545,810 ","31,409,476 ","37,311,118 ","39,201,016 ","41,296,741 ","42,746,899 ","43,064,423 ","51,095,776 ","51,080,369 ","50,582,161 ","52,483,699 ","55,313,789 ","57,693,371 ","56,595,462 ","56,804,107 ","56,977,642 ","57,582,222 ","55,807,476 ","52,547,080 ","52,580,351 "
"Tangible Book Value, Common Equity","244,393 ","279,724 ","735,981 ","741,764 ","705,805 ","674,850 ","640,592 ","611,334 ","581,408 ","553,615 ","497,901 ","463,236 ","440,417 ","414,521 ","389,575 ","364,216 ","431,553 ","359,907 ","287,048 ","253,945 ","142,915 ","145,048 ","123,449 ","106,576 ","118,121 ","132,924 ","92,431 ","73,698 ","119,233 ","152,589 ","151,856 ","213,405 ","198,393 ","287,432 ","282,771 ","446,826 ","707,165 ","854,012 ","1,459,131 ","4,111,111 ","3,876,737 ","5,231,248 ","5,091,135 ","7,610,714 ","7,752,753 ","7,725,760 ","7,818,569 ","8,009,190 ","7,974,695 ","8,505,477 ","8,891,531 ","9,224,583 ","9,314,438 ","9,667,078 ","10,050,173 ","10,181,938 ","10,343,174 ","10,746,375 ","9,804,474 ","10,946,456 ","11,318,791 ","11,994,588 ","12,267,869 ","11,801,582 ","9,643,076 ","10,629,847 ","11,646,748 ","12,308,352 ","12,469,621 ","13,060,085 ","13,159,777 ","12,984,986 ","12,875,998 ","13,406,485 ","13,940,718 ","13,051,858 ","12,751,702 ","13,642,716 ","13,291,748 "
"Debt & Lease, Pension Items (THB Thousands)",,,,,,,,,,,,,,,,,,,,,,,,,,,,,,,,,,,,,,,,,,,,,,,,,,,,,,,,,,,,,,,,,,,,,,,,,,,,,,,
"Total Capital Leases, Supplemental",--,--,--,--,--,--,--,--,--,"4,670 ","4,670 ",--,"4,670 ","4,130 ","3,590 ","3,680 ","2,580 ","1,853 ","1,402 ",952 ,500 ,50 ,561 ,561 ,--,--,--,--,--,--,--,--,--,--,--,"3,261 ","2,818 ",--,--,--,--,--,--,--,--,--,--,--,--,--,--,--,--,--,--,--,--,--,--,--,--,--,--,--,--,--,--,--,--,--,--,--,--,--,--,--,--,--,--
Capital Lease Payments Due in Year 1,--,--,--,--,--,--,--,--,--,"2,130 ","2,130 ",--,"2,130 ","2,050 ","2,020 ","2,020 ","2,020 ","1,803 ","1,402 ",952 ,500 ,50 ,561 ,561 ,--,--,--,--,--,--,--,--,--,--,--,"1,025 ",937 ,--,--,--,--,--,--,--,--,--,--,--,--,--,--,--,--,--,--,--,--,--,--,--,--,--,--,--,--,--,--,--,--,--,--,--,--,--,--,--,--,--,--
Capital Lease Payments Due in Year 2,--,--,--,--,--,--,--,--,--,635 ,635 ,--,635 ,520 ,393 ,415 ,140 ,13 ,0 ,0 ,--,0 ,--,--,--,--,--,--,--,--,--,--,--,--,--,559 ,470 ,--,--,--,--,--,--,--,--,--,--,--,--,--,--,--,--,--,--,--,--,--,--,--,--,--,--,--,--,--,--,--,--,--,--,--,--,--,--,--,--,--,--
Capital Lease Payments Due in Year 3,--,--,--,--,--,--,--,--,--,635 ,635 ,--,635 ,520 ,393 ,415 ,140 ,13 ,0 ,0 ,--,0 ,--,--,--,--,--,--,--,--,--,--,--,--,--,559 ,470 ,--,--,--,--,--,--,--,--,--,--,--,--,--,--,--,--,--,--,--,--,--,--,--,--,--,--,--,--,--,--,--,--,--,--,--,--,--,--,--,--,--,--
Capital Lease Payments Due in Year 4,--,--,--,--,--,--,--,--,--,635 ,635 ,--,635 ,520 ,393 ,415 ,140 ,13 ,0 ,0 ,--,0 ,--,--,--,--,--,--,--,--,--,--,--,--,--,559 ,470 ,--,--,--,--,--,--,--,--,--,--,--,--,--,--,--,--,--,--,--,--,--,--,--,--,--,--,--,--,--,--,--,--,--,--,--,--,--,--,--,--,--,--
Capital Lease Payments Due in Year 5,--,--,--,--,--,--,--,--,--,635 ,635 ,--,635 ,520 ,393 ,415 ,140 ,13 ,0 ,0 ,--,0 ,--,--,--,--,--,--,--,--,--,--,--,--,--,559 ,470 ,--,--,--,--,--,--,--,--,--,--,--,--,--,--,--,--,--,--,--,--,--,--,--,--,--,--,--,--,--,--,--,--,--,--,--,--,--,--,--,--,--,--
Capital Lease Payments Due in 2-3 Years,--,--,--,--,--,--,--,--,--,"1,270 ","1,270 ",--,"1,270 ","1,040 ",785 ,830 ,280 ,25 ,0 ,0 ,--,0 ,--,--,--,--,--,--,--,--,--,--,--,--,--,"1,118 ",940 ,--,--,--,--,--,--,--,--,--,--,--,--,--,--,--,--,--,--,--,--,--,--,--,--,--,--,--,--,--,--,--,--,--,--,--,--,--,--,--,--,--,--
Capital Lease Payments Due in 4-5 Years,--,--,--,--,--,--,--,--,--,"1,270 ","1,270 ",--,"1,270 ","1,040 ",785 ,830 ,280 ,25 ,0 ,0 ,--,0 ,--,--,--,--,--,--,--,--,--,--,--,--,--,"1,118 ",940 ,--,--,--,--,--,--,--,--,--,--,--,--,--,--,--,--,--,--,--,--,--,--,--,--,--,--,--,--,--,--,--,--,--,--,--,--,--,--,--,--,--,--
"Total Operating Leases, Supplemental",--,--,--,--,--,--,--,--,--,--,--,--,--,--,--,--,--,--,--,--,--,--,--,--,--,--,--,--,--,--,--,--,--,--,--,--,--,--,--,--,--,--,--,--,--,--,--,--,--,"804,640 ","734,607 ","651,297 ","582,969 ","586,872 ","502,282 ","438,703 ","393,037 ","918,652 ","1,003,961 ","903,776 ",--,"510,657 ","294,402 ","241,843 ","156,997 ","311,200 ","299,799 ","223,693 ",--,"321,689 ","313,900 ","226,665 ","199,800 ","423,623 ","577,201 ","501,303 ",--,--,--
Operating Lease Payments Due in Year 1,--,--,--,--,--,--,--,--,--,--,--,--,--,--,--,--,--,--,--,--,--,--,--,--,--,--,--,--,--,--,--,--,--,--,--,--,--,--,--,--,--,--,--,--,--,--,--,--,--,"355,347 ","371,080 ","369,873 ","367,711 ","297,143 ","219,879 ","163,128 ","86,344 ","391,277 ","407,920 ","407,825 ",--,"344,405 ","242,307 ","192,362 ","109,885 ","265,063 ","238,869 ","167,035 ",--,"263,358 ","258,534 ","171,879 ","147,887 ","347,301 ","263,372 ","196,653 ",--,--,--
Operating Lease Payments Due in Year 2,--,--,--,--,--,--,--,--,--,--,--,--,--,--,--,--,--,--,--,--,--,--,--,--,--,--,--,--,--,--,--,--,--,--,--,--,--,--,--,--,--,--,--,--,--,--,--,--,--,"67,411 ","47,615 ","28,476 ","11,972 ","17,596 ","16,409 ","15,346 ","17,446 ","73,162 ","72,523 ","52,005 ",--,"25,163 ","4,004 ","3,501 ","2,887 ","2,793 ","6,728 ","5,806 ",--,"5,921 ","5,325 ","5,325 ","4,919 ","10,970 ","28,053 ","26,933 ",--,--,--
Operating Lease Payments Due in Year 3,--,--,--,--,--,--,--,--,--,--,--,--,--,--,--,--,--,--,--,--,--,--,--,--,--,--,--,--,--,--,--,--,--,--,--,--,--,--,--,--,--,--,--,--,--,--,--,--,--,"67,411 ","47,615 ","28,476 ","11,972 ","17,596 ","16,409 ","15,346 ","17,446 ","73,162 ","72,523 ","52,005 ",--,"25,163 ","4,004 ","3,501 ","2,887 ","2,793 ","6,728 ","5,806 ",--,"5,921 ","5,325 ","5,325 ","4,919 ","10,970 ","28,053 ","26,933 ",--,--,--
Operating Lease Payments Due in Year 4,--,--,--,--,--,--,--,--,--,--,--,--,--,--,--,--,--,--,--,--,--,--,--,--,--,--,--,--,--,--,--,--,--,--,--,--,--,--,--,--,--,--,--,--,--,--,--,--,--,"67,411 ","47,615 ","28,476 ","11,972 ","17,596 ","16,409 ","15,346 ","17,446 ","73,162 ","72,523 ","52,005 ",--,"25,163 ","4,004 ","3,501 ","2,887 ","2,793 ","6,728 ","5,806 ",--,"5,921 ","5,325 ","5,325 ","4,919 ","10,970 ","28,053 ","26,933 ",--,--,--
Operating Lease Payments Due in Year 5,--,--,--,--,--,--,--,--,--,--,--,--,--,--,--,--,--,--,--,--,--,--,--,--,--,--,--,--,--,--,--,--,--,--,--,--,--,--,--,--,--,--,--,--,--,--,--,--,--,"67,411 ","47,615 ","28,476 ","11,972 ","17,596 ","16,409 ","15,346 ","17,446 ","73,162 ","72,523 ","52,005 ",--,"25,163 ","4,004 ","3,501 ","2,887 ","2,793 ","6,728 ","5,806 ",--,"5,921 ","5,325 ","5,325 ","4,919 ","10,970 ","28,053 ","26,933 ",--,--,--
Operating Lease Pymts. Due in 2-3 Years,--,--,--,--,--,--,--,--,--,--,--,--,--,--,--,--,--,--,--,--,--,--,--,--,--,--,--,--,--,--,--,--,--,--,--,--,--,--,--,--,--,--,--,--,--,--,--,--,--,"134,821 ","95,229 ","56,953 ","23,943 ","35,192 ","32,817 ","30,692 ","34,892 ","146,323 ","145,046 ","104,010 ",--,"50,326 ","8,007 ","7,002 ","5,774 ","5,585 ","13,457 ","11,611 ",--,"11,841 ","10,650 ","10,651 ","9,837 ","21,941 ","56,106 ","53,867 ",--,--,--
Operating Lease Pymts. Due in 4-5 Years,--,--,--,--,--,--,--,--,--,--,--,--,--,--,--,--,--,--,--,--,--,--,--,--,--,--,--,--,--,--,--,--,--,--,--,--,--,--,--,--,--,--,--,--,--,--,--,--,--,"134,821 ","95,229 ","56,953 ","23,943 ","35,192 ","32,817 ","30,692 ","34,892 ","146,323 ","145,046 ","104,010 ",--,"50,326 ","8,007 ","7,002 ","5,774 ","5,585 ","13,457 ","11,611 ",--,"11,841 ","10,650 ","10,651 ","9,837 ","21,941 ","56,106 ","53,867 ",--,--,--
Oper. Lse. Pymts. Due in Year 6 & Beyond,--,--,--,--,--,--,--,--,--,--,--,--,--,--,--,--,--,--,--,--,--,--,--,--,--,--,--,--,--,--,--,--,--,--,--,--,--,--,--,--,--,--,--,--,--,--,--,--,--,"179,651 ","173,069 ","167,519 ","167,372 ","219,346 ","216,769 ","214,192 ","236,909 ","234,729 ","305,950 ","287,932 ",--,"65,600 ","36,081 ","35,478 ","35,564 ","34,967 ","34,017 ","33,436 ",--,"34,649 ","34,067 ","33,485 ","32,239 ","32,441 ","201,617 ","196,917 ",--,--,--
Net Assets Recognized on Balance Sheet,--,--,--,--,--,--,--,--,--,--,--,--,--,--,--,--,--,--,--,--,--,--,--,--,0 ,"(4,924)","(5,250)","(5,509)","(6,178)","(6,540)","(6,422)","(6,544)","(6,670)","(3,736)","(3,454)",--,"(4,175)","(4,266)","(4,238)","(4,237)",--,--,--,--,--,--,--,--,--,--,--,--,--,--,--,--,--,--,--,--,--,--,--,--,--,--,--,--,--,--,--,--,--,--,--,--,--,--,--
Accrued Liabilities - Domestic,--,--,--,--,--,--,--,--,--,--,--,--,--,--,--,--,--,--,--,--,--,--,--,--,0 ,"(4,924)","(5,250)","(5,509)","(6,178)","(6,540)","(6,422)","(6,544)","(6,670)","(3,736)","(3,454)",--,"(4,175)","(4,266)","(4,238)","(4,237)",--,--,--,--,--,--,--,--,--,--,--,--,--,--,--,--,--,--,--,--,--,--,--,--,--,--,--,--,--,--,--,--,--,--,--,--,--,--,--
